Country Name,Country Code,Year,"Agriculture, forestry, and fishing, value added (% of GDP)",Current health expenditure (% of GDP),Domestic general government health expenditure (% of GDP),Domestic general government health expenditure (% of current health expenditure),Domestic private health expenditure (% of current health expenditure),Exports of goods and services (% of GDP),"Foreign direct investment, net inflows (% of GDP)",GDP growth (annual %),Gross capital formation (% of GDP),Imports of goods and services (% of GDP),"Labor force participation rate, total (% of total population ages 15-64) (modeled ILO estimate)","Manufacturing, value added (% of GDP)","Personal remittances, received (% of GDP)",Population density (people per sq. km of land area),"School enrollment, primary (% gross)","Self-employed, total (% of total employment) (modeled ILO estimate)","Services, value added (% of GDP)","Unemployment, total (% of total labor force) (modeled ILO estimate)"
Albania,ALB,2019,18.160404924310782,6.86214113,2.92877913,42.68024826,56.65520096,30.93613535222883,7.7062178558714916,2.0625675399998897,25.28753548718385,44.44602493264563,69.661,6.967488758479716,9.450127087527587,104.16755474452556,102.5895386,54.26824023,45.4534298741692,11.466
Albania,ALB,2020,18.80613786457617,7.51920271,2.99610233,39.84601212,59.47789383,22.540758557114085,7.018651544850771,-3.313716147,26.21835387402893,36.97994088320009,67.153,7.069412464972691,9.618418007295436,103.57113138686132,100.0209732,53.70566179,45.721349736043024,11.69
Albania,ALB,2021,17.793204270708944,7.26731825,2.88419509,39.68720245,59.76841354,31.13302001442644,6.757906712970373,8.969553391789347,28.794431389839463,44.45729607932894,68.57,6.918288904923353,9.529474887152476,102.61554744525549,97.10749817,52.1134657,45.24384275870852,11.474
Algeria,DZA,2019,11.479179885716384,5.86751413,3.68985248,62.88612747,37.06654358,20.407941949490993,0.7139473080156913,0.8999999999999488,44.62956178750035,26.098900658676257,45.685,6.403969944000673,0.9231064832450429,18.17768850601304,107.7751312,31.86334529,50.48006940117493,12.259
Algeria,DZA,2020,12.834169388718584,6.14268684,3.74658775,60.99265671,38.9657402,15.535201111619088,0.6938160147728425,-5.0,42.94935768250155,24.85455545091973,42.922,6.282395033155483,1.0308568736038115,18.491553447667066,110.3305664,32.17243199,52.8041887,14.057
Algeria,DZA,2021,11.235434560508908,5.5283432,3.2677834,59.1096344,40.25862885,23.44436729059508,0.4667284796829414,3.7999999999999545,39.14580511128482,23.392691969365657,43.326,8.189556433,0.9621892883220894,18.793436817857188,106.9955673,32.11024138,48.487958155314274,13.63
Argentina,ARG,2019,5.318555996734804,10.04194355,6.08225393,60.5684967,39.20406342,17.924878377846202,1.4850068757069668,-2.000861003,14.21003039921914,14.705736668003688,68.122,13.54083907028294,0.1253808090150973,16.433525536323078,111.3653183,26.50717901,55.43881710936691,9.843
Argentina,ARG,2020,6.3570336757552655,10.34701538,6.62048721,63.98451233,35.73628998,16.605414437248417,1.266169243087211,-9.900484814,14.415155741024478,13.598284370167535,63.716,14.590529508918255,0.1680119240387533,16.513366512100383,110.6178131,26.99998573,54.85786745579619,11.461
Argentina,ARG,2021,7.291282496220415,9.70880699,6.1366396,63.20693588,35.5334816,18.06670916903649,1.3683808316243822,10.441811988250564,18.076289247142128,15.011980398429506,68.759,15.558416982667955,0.1855437852810811,16.55733057087211,110.1561127,27.58893332,52.83403194972072,8.736
Armenia,ARM,2019,11.525610737958814,11.38,1.41,12.41,86.6,41.35080136208493,0.7363615168443526,7.599999998539175,17.40852941085673,54.76335276678582,73.142,11.711491860296402,11.218921077229837,104.05690200210748,97.32314301,60.86786909,53.97318530169187,18.304
Armenia,ARM,2020,11.349805155454892,12.24,2.36,19.25,79.64,29.764986915193393,0.4634088507636337,-7.199999999,19.66383294359895,39.72382062441424,72.624,12.344909801717032,10.497055254126495,104.02177730944854,96.62056732,61.13401485,53.24120279733945,18.175
Armenia,ARM,2021,11.34354842,12.34,2.19,17.76,81.35,35.906439990126685,2.6403028121134486,5.800000000656453,22.963876226158103,43.763448832713195,73.644,11.031590563418648,11.217182745210694,104.04987706357568,93.80999756,62.73168972,53.07837013927988,15.469
Australia,AUS,2019,2.1157807221107583,10.21965981,7.53585672,73.73882294,26.26117706,24.159677998314606,2.7819678747213157,2.171545057371759,23.39128822755799,22.027823895314533,78.518,5.586295825183239,0.1265610274676725,3.2936505625310386,100.1996994,13.62754331,66.01291313852533,5.159
Australia,AUS,2020,2.012249307778366,10.6837368,7.87186623,73.68083191,26.31917,24.02673915796985,1.3532560550628716,-0.119590736,22.427728629943637,20.637716907466103,77.886,5.608521731495214,0.09012882,3.334526951307979,99.90110779,13.57565985,66.25051787311969,6.456
Australia,AUS,2021,2.3038399249792167,10.54363918,8.01731968,76.03939819,23.96060181,22.056675977144742,2.024681946112203,2.111168147687863,22.93724009047752,18.24580429202492,79.132,5.512694755353046,0.060152987,3.339228447143923,99.92915344,13.48072476,65.72636591233577,5.116
Austria,AUT,2019,1.0446341365349905,10.49,7.85,74.88,25.12,55.89580739293392,-2.852556176,1.7549764558532956,25.50900809708158,52.31147751149165,76.889,17.102285866880674,0.6763361879132875,107.60930683470674,101.7762909,16.13028542,62.56140778182794,4.56
Austria,AUT,2020,1.0713811327287088,11.39,8.74,76.74,23.26,51.66308997006159,-2.763320707,-6.318255287,25.65307375412661,48.28512413953592,76.493,16.59732646962937,0.6967743456096702,108.05700436257877,101.5608521,16.22329642,62.81236202413718,5.201
Austria,AUT,2021,1.2159384838711305,12.1,9.47,78.25,21.75,55.953359703285265,3.9540932379632534,4.795329105514583,27.67324368565845,55.07890903461525,77.14,16.978096539420385,0.664273814,108.52880513814831,101.6441193,16.21601454,62.29993184388321,6.459
Azerbaijan,AZE,2019,5.695258143845502,4.18,1.07,25.57,74.14,49.050627501642325,3.1218305611249364,2.500000067437341,20.307779848149245,36.767517906813744,70.815,5.003650963048346,2.6469932465702586,121.28007113993272,97.93534851,68.67428873,36.49107040375499,5.0
Azerbaijan,AZE,2020,6.738947423534096,5.85,2.33,39.81,59.95,35.623555866025704,1.1879038718291055,-4.300000102,23.66595433,36.39431178275541,73.286,6.1015650726596595,3.286456796196098,122.12473682936864,98.23606873,68.35657014,42.354236332998525,7.24
Azerbaijan,AZE,2021,5.725983657213487,4.7,1.49,31.62,68.02,46.488747167479225,-3.114734473,5.616451028530278,17.07859815971984,29.79811851953581,67.952,6.419092906681316,2.784540874133077,122.65880217785843,97.73049927,67.9630312,37.70117335027123,6.04
Belarus,BLR,2019,6.794970756761572,5.86,4.13,70.38,29.48,65.09440964284654,1.9768631757117836,1.4464554769182598,29.14971944304248,65.75572247127631,78.36,21.63999643737197,2.202759344773328,46.41075062202843,95.65020752,4.271657421,48.42650595255767,4.165
Belarus,BLR,2020,7.077163524154928,6.41,4.54,70.88,28.82,61.012149264298266,2.270099645340333,-0.672742951,27.4550664235478,57.92173442603242,78.521,21.48663180181805,1.651737016,46.21121292738201,94.41906738,4.428597728,49.01182866798913,4.049
Belarus,BLR,2021,6.706844792202579,6.57,4.87,74.23,25.57,70.83203772070172,1.766406878520025,2.4388621239681925,24.380508709343676,65.18241283589347,78.887,22.75849592,1.650493509274727,45.83683173195368,94.52954865,4.673422481,48.69656657941304,3.9
Belgium,BEL,2019,0.7187895835371281,10.79477787,8.12080002,75.22897339,24.77102661,82.96742753964011,-1.972529978,2.442890066486086,24.675682231680845,82.49805139234978,69.018,12.413251241174953,2.3158327573573967,376.761985964452,102.1485596,14.78397315,69.53533138010228,5.364
Belgium,BEL,2020,0.7128180236415714,11.19751263,8.72332096,77.90409851,22.0959034,79.19687056132936,-5.742352271,-4.792983897,24.068567845366985,77.75325072145412,68.558,12.012009033297833,2.475435933728702,378.3893224896701,102.06427,15.4567645,70.33950769691228,5.545
Belgium,BEL,2021,0.6549304458767898,11.04290771,8.56881809,77.59567261,22.4043293,89.62960591530191,5.906077209528224,6.202554015860812,24.442476155243476,87.76069950942961,69.675,10.745317605991188,2.3870044172085345,379.9499901619991,101.8211365,14.91557511,70.74721079982103,6.248
Belize,BLZ,2019,6.536029812000168,4.81374073,3.29100513,68.36689758,28.70619965,51.856969392454886,3.9320957041985216,4.267636896180861,16.852991667713436,50.26587949587573,71.915,6.182221663945066,4.053793498240866,16.914905743095133,112.8055878,35.23784707,64.13139052882804,9.053
Belize,BLZ,2020,8.375553760677484,5.30974436,3.74765062,70.58061981,26.50695992,37.71691509410872,3.730220696586299,-13.90291006,18.576988031426684,44.10504931835426,66.886,6.713659837971461,5.907610418,17.133362560280577,110.3082886,35.95398731,61.28203245465893,10.784
Belize,BLZ,2021,7.921753320526327,4.98043823,3.4270196,68.80960083,28.31739235,47.73708455,5.184585866666048,17.74617012056791,21.854537191960503,51.57918655,64.578,6.523310817789345,5.592113238610151,17.332135028496275,105.2839508,36.06316352,60.93656400404866,10.322
Benin,BEN,2019,26.875801625833695,2.50914454,0.31146821,12.41332245,58.16290665,29.630527193547803,1.5162078093564573,6.8656866284833455,25.62980057906037,34.05080512068219,76.046,9.865728440003643,1.507767335418552,112.8658655551614,112.029892,88.46606565,48.02682134,1.214
Benin,BEN,2020,27.109175036111782,2.46970391,0.27598524,11.17483139,58.76353073,19.872470427652377,1.1118387976436872,3.8487924003013343,25.633843508156712,24.960762949220243,75.735,9.687913103,1.3073719803049169,115.91139588506564,109.1489182,88.76168692,47.897332094972626,1.502
Benin,BEN,2021,28.528950609859237,2.58129549,0.31783193,12.31288528,55.61280823,20.91880617547327,1.9558145968626452,7.155451645757395,28.85061831776633,27.136054656967612,76.901,9.479767826596191,1.3053320682607108,118.955454061724,110.7058868,88.48347556,45.88497316763441,1.779
Bhutan,BTN,2019,12.93395280967176,3.60361075,2.65109873,73.56784821,19.46735001,31.45750328938462,0.4756170423743349,5.755148506182266,46.08535793838555,44.66601342379438,68.603,6.131166714072014,2.0711007498770724,20.053067645516517,97.96216381,72.08854539,49.62735817054272,2.72
Bhutan,BTN,2020,15.703075577536922,4.36274862,3.40328145,78.00773621,16.85573578,28.065635506254736,-0.113401529,-10.21839741,39.07057235346317,43.76471549545855,70.089,4.929171041727249,3.394980283317751,20.188935500786577,103.8008312,72.06612484,49.981637793860536,5.03
Bhutan,BTN,2021,15.794784021210214,3.84550023,2.20846629,57.42987823,20.52117348,29.19874070998012,0.2449835754526504,4.421367402205917,44.38859603,48.38370761079534,71.233,7.224182763493284,2.649782937428556,20.331463030938647,103.0328842,71.49890979,50.17916546379874,4.803
Bolivia,BOL,2019,12.221757577571749,6.88792992,4.89661789,71.08983612,27.77645111,24.967262285945008,-0.529735011,2.216705777503591,19.875010901565037,31.43004445,76.018,10.48950354634355,3.2659485340946404,10.773918582110218,98.23863983,66.31134405,50.71991512850331,3.682
Bolivia,BOL,2020,14.000930529318378,8.0225811,5.80238628,72.32567596,24.91402054,20.27258977390514,-3.083516483,-8.737884434,15.778129501645536,25.23067281960143,74.657,10.957833660251367,3.0754101121252564,10.90768854,98.69728851,67.97318039,52.80726175574362,7.903
Bolivia,BOL,2021,12.922923311174724,8.15972805,5.88221836,72.08840942,26.45337868,27.825345909559974,1.4442776110904365,6.111372752057463,16.790744049772048,31.196050653580254,79.614,10.726849881729509,3.5080398714509617,11.01944059817225,98.85656738,69.33616903,50.57558388736819,5.089
Bosnia and Herzegovina,BIH,2019,5.450042181224086,8.93,6.13,68.72,29.73,40.04007111495333,2.18661377542075,2.8873433441487464,24.84379505656565,54.47605677247085,61.259,12.480014254065244,11.388054028035084,65.34244141,90.16313171,24.89758823,54.57076716676896,15.692
Bosnia and Herzegovina,BIH,2020,5.914439905806057,9.7,6.75,69.6,29.02,34.181492142048356,2.3893904835565123,-3.015095148,23.10653361782643,47.92977311524142,61.053,12.661839329743824,9.547296836458198,64.44041016,88.8544693,24.31786161,54.65616613094326,15.868
Bosnia and Herzegovina,BIH,2021,5.019317880987058,9.56,6.53,68.3,31.03,42.57332144,3.242308168184789,7.389962340127568,26.08217800847248,53.912587140962046,61.426,13.986301153248412,10.467531030918304,63.37708984,88.24478149,23.77434272,53.86153381,14.897
Brazil,BRA,2019,4.205014094350202,9.61449146,3.91701889,40.74077988,59.11333466,14.122919190362168,3.692673212906128,1.2207778236084152,15.516790799892435,14.767338677579271,71.417,10.332500532200608,0.1715497736980704,24.82076861598394,107.4074707,32.21594054,63.06784924641341,11.936
Brazil,BRA,2020,5.711485115,10.18235016,4.52904463,44.47936249,55.37608719,16.453552010704378,2.5926379533071695,-3.276758796,16.115820605217333,15.848526535636513,67.016,10.692931569175082,0.2415962311623584,24.964985271842774,105.4981995,32.50629384,61.448444645623155,13.697
Brazil,BRA,2021,6.558762611596666,9.89072323,4.50447893,45.5424614,54.32703018,19.109430367386576,2.7797908491656753,4.762604379086085,19.521885019121974,18.54690038949675,69.505,11.904373010323182,0.2455346442385287,25.071402728358223,103.4716797,33.51724153,56.91338418435928,13.158
Brunei Darussalam,BRN,2019,0.986055107003176,2.19410944,2.07140136,94.40737915,5.5926199,57.946040452991674,2.7711800825842823,3.868844164328891,38.67775357891446,50.56361789414603,68.636,2.327822564705644,0.0,84.0,97.61413111,8.981740969,38.17759858337008,6.6
Brunei Darussalam,BRN,2020,1.2175029267097368,2.39334464,2.25187159,94.04619598,5.90841913,57.35611139,4.710575649,1.133573406054026,40.58783007310849,52.93489226608986,68.171,6.832098944728808,0.007246465,84.89639468690702,97.53031757,9.600100011,41.45035468339957,7.409
Brunei Darussalam,BRN,2021,1.256289974324511,2.20486665,2.05610466,93.25301361,6.74698782,80.16891085822544,1.4618172227719282,-1.590762481,31.272567472440898,66.9542018,68.319,9.67845068289214,0.006375509,85.71555977229602,96.2353285,7.929097132,37.62864505365582,4.905
Burkina Faso,BFA,2019,18.220524552442075,5.31868935,2.22393513,41.813591,42.38819504,29.257695657279378,1.0164787373678963,5.889204970681348,19.75786801448893,31.150997218043237,55.465,10.41059839132115,2.9143471395988385,76.61532164,89.95511627,75.66318078,45.31625215,4.71
Burkina Faso,BFA,2020,17.915163567756192,6.50193262,2.8256712,43.45897293,38.38487625,31.776865690866305,-0.557279534,2.010772624062213,17.161517426599502,28.96291294945762,52.713,10.03131852544637,2.959705461834218,78.50398391812865,87.847229,76.00970792,44.953416245784425,5.04
Burkina Faso,BFA,2021,17.29021575384487,6.37691164,2.73042727,42.81739426,39.09840012,32.79707351618103,-0.405926078,6.942524925723475,15.50790145073428,29.623285144598512,50.881,9.8115542260696,2.8985937127154635,80.39197002923977,87.12499237,75.55131295,45.35906611917729,5.2
Cabo Verde,CPV,2019,4.4373608669529965,4.56319857,2.89716864,63.48986435,29.75538826,46.70503313709487,5.457887533837823,6.9478263405185885,23.431973865190116,56.89762332663082,61.779,4.817970058854767,9.547401329,127.56923076923076,96.98941803,38.97289909,69.82573873739962,12.128
Cabo Verde,CPV,2020,6.191327454851822,6.12421703,4.00524998,65.40019989,22.84387398,25.29337077219979,3.712184906383343,-20.8052759,28.96192365738715,53.10008382099033,59.289,5.185022416966598,12.853688799882669,127.71191066997518,95.99919128,39.70089869,65.98341648499061,14.69
Cabo Verde,CPV,2021,5.971474059231829,6.90378904,4.71387148,68.27948761,20.29751587,23.849798357656287,4.4573050013235305,7.033530106945136,27.749764214094157,53.60526026887786,59.971,5.3856991269472445,15.328084741517287,128.20074441687345,96.40209961,39.22787787,68.53967661666441,13.976
Cambodia,KHM,2019,15.438506517715696,6.84972715,1.66501212,24.30771637,69.18743896,55.44686797291194,9.985000442,7.936950136,31.394554193510366,60.28981109953595,85.543,24.615647197701296,7.235567198,93.36791298436438,111.4984818,56.73144685,39.13772494845059,0.119
Cambodia,KHM,2020,17.039652291143486,7.11156559,1.91031921,26.86214638,66.67436218,59.92179794096091,10.41023980932601,-3.555721934,31.351227539335017,62.18359840560753,85.369,23.998071928197255,7.432224317179546,94.75115568,111.0093613,56.89023104,39.14363524941638,0.172
Cambodia,KHM,2021,16.904414371009576,7.53223085,2.00221539,26.58197021,59.02976608,72.36103464355084,9.4684591111041,3.0898428414866146,30.378811266195193,73.81881186616462,82.942,26.65391685243399,6.900782419333856,96.16080330840698,108.7377487,56.6786327,36.486924874234134,0.396
Cameroon,CMR,2019,16.80228356444006,3.65157914,0.40687224,11.1423645,75.81052399,19.85009074731856,2.583406024891569,3.475059981949812,18.934645496049633,23.528422500722993,68.046,12.825780206234286,0.8963215164451895,53.95717247360961,105.4506302,72.00737467,51.02687347630507,3.622
Cameroon,CMR,2020,17.496865054091426,3.77177453,0.60675448,16.08671188,71.84101105,15.23573698147905,1.6559561471235298,0.2599329159071146,17.660543979214356,18.503094380907996,66.498,13.180987610332432,0.819403312,55.447437117894694,107.2646633,71.47478484,51.76192077323027,3.87
Cameroon,CMR,2021,16.95920354159572,3.82407379,0.48458478,12.67195225,70.38082123,16.50888403677811,2.1406132690065673,3.338857471795052,18.126692173634343,20.221950682077683,65.862,13.296608641653812,0.9555178858080962,56.93926085760826,108.442749,70.15901482,50.94128723382945,3.973
Chile,CHL,2019,3.987812171378996,9.36262131,4.7671833,50.91718674,49.08280945,27.874667757051203,4.879561641,0.6343675338284385,24.93900989128247,29.73708681103172,69.792,8.969095484346685,0.0249286726642895,25.81966075434547,101.1932068,25.85427415,58.88317546006916,7.493
Chile,CHL,2020,4.045426844099469,9.72726822,5.4753623,56.28879929,43.7111969,31.33039024286121,4.506101396611006,-6.143474792,21.05820710119978,26.852473320113617,63.254,8.996281719417551,0.0260576739589634,26.052172603196635,99.70439911,25.48151248,56.344614578555586,10.934
Chile,CHL,2021,3.5037590864709247,9.34327984,5.19715691,55.62454224,44.37545776,31.97358350208673,4.810199706762282,11.333957069191117,24.068607996172776,32.86486375206978,64.904,8.525427719968679,0.0210718887632302,26.167446727242407,99.36522675,24.92605441,54.98280430063741,9.281
China,CHN,2019,7.143690277581798,5.3502779,2.99503422,55.97903824,44.02029419,18.40999231548008,1.3107159324794762,5.950500753674135,43.25110564334789,17.480103718762372,75.4,26.77472412329007,0.1281117188473853,149.94817968494527,98.2354126,46.49311294,54.26890426636677,4.56
China,CHN,2020,7.698642534163334,5.59359741,3.06103587,54.72392273,45.27583313,18.58613919813325,1.723175548629064,2.238638356346385,43.366674233917394,16.168156501473355,74.262,26.285165756144185,0.1285170177324915,150.30554280315417,99.02442932,46.56242992,54.458535745937866,5.0
China,CHN,2021,7.241017469397629,5.38360548,2.91082072,54.06824493,45.93153,19.943973830708252,1.9307862229453916,8.448469416872769,43.14029907480168,17.358017034928935,75.862,27.54710274425987,0.1261465733897225,150.4397536910657,99.43039703,45.94651804,53.46821052718591,4.55
Colombia,COL,2019,6.410720821683137,7.77954912,5.43606472,69.87634277,30.12365532,15.868038654124076,4.330582409315055,3.186855392455328,21.380609545802724,21.69049532671489,68.992,10.926657535176988,2.2029717586425055,44.98241099594412,109.3555069,49.95404817,58.13645917054377,10.28
Colombia,COL,2020,7.508480466633483,8.71432114,6.21218491,71.28707886,28.71292496,13.522275559330216,2.758894289531405,-7.185914138,19.128146936666163,20.533295408679873,68.244,10.727502351094824,2.561334784028544,45.63316538981523,107.0836868,51.18722682,60.12182627237046,15.983
Colombia,COL,2021,7.770950685625263,9.01772404,6.54606009,72.59104156,27.40896225,16.19700595488641,3.001756937872336,10.801198190487838,18.91695188968284,23.86214043872638,69.517,11.200418569317996,2.702544190607078,46.13625326723749,106.4883575,51.25995351,58.192622380378225,13.898
Costa Rica,CRI,2019,4.202051163024645,7.22124958,5.23799706,72.53588104,27.46307182,34.32532155933081,4.220940166598106,2.417511817625126,16.064085199446396,31.43520845833138,70.152,12.046444945921062,0.8590468618043752,97.91525656090872,110.8911209,27.73373708,69.20499402337319,10.807
Costa Rica,CRI,2020,4.344225560354967,7.8254571,5.61917925,71.80640411,28.05780602,31.906497657805858,3.3704352331303955,-4.273354322,16.163054669034484,28.233388593147417,66.853,12.79084648679197,0.8410635643366557,98.59616137877008,109.7996368,27.80701867,68.23240728829693,16.432
Costa Rica,CRI,2021,4.366713259371273,7.56881428,5.29930544,70.01499939,29.93803596,36.17635702696537,5.530729864068392,7.935762247431469,18.581784885278832,34.60528528,68.377,13.733396136347006,0.914599844344358,99.09886408147278,108.8523102,27.39277503,67.07941613909854,15.139
Cote d'Ivoire,CIV,2019,15.68820636,3.21496511,0.97108036,30.20500565,56.79614258,22.66048876504519,1.4058304817904856,6.721371675849781,21.989938495440363,21.999921818034274,66.19,12.319968428731585,0.5436811431367543,88.65726101,93.54521942,73.99556948,54.99747689328611,2.401
Cote d'Ivoire,CIV,2020,16.933415476894368,3.62587261,1.33278406,36.75761032,49.698349,20.99346848429969,1.1311124570315438,0.6997285934942283,21.742893410460074,20.949163334752928,66.358,12.051943398124756,0.5222256853018734,90.92908490566036,94.16091156,74.6585569,55.57281213519507,2.584
Cote d'Ivoire,CIV,2021,16.180552963013543,3.13269377,1.02933276,32.85775375,51.69826889,22.29626784,1.9128265589202824,7.063329102052322,23.57531706888564,22.817764939303306,67.718,13.397081501932067,0.6047068780492127,93.20671698113208,92.71938324,74.5935829,54.100032900751586,2.63
Croatia,HRV,2019,2.856814031929087,6.8,5.55,81.54,18.45,50.489235052366475,6.472771769416777,3.100439114437578,21.961727238716595,50.89277827796135,66.662,11.99404313749384,6.965996535294976,70.57018797798585,99.00151062,14.75148772,59.16782359854582,6.617
Croatia,HRV,2020,3.128443478443857,7.72,6.32,81.78,18.22,41.27703158381738,2.5391043998271847,-8.311642579,23.547682328779775,48.256422217077365,67.236,12.155516433586673,7.237007384016477,69.9464975,99.48867035,14.41098847,59.54210913205373,7.507
Croatia,HRV,2021,3.3595172427380104,8.1,6.81,84.1,15.89,49.779705373411105,7.427067576708316,12.631700327771185,21.797545380286543,52.528725442424786,68.805,11.657094325684843,7.222240466027298,69.31703002144388,99.74414825,14.71144999,59.05134260187893,7.608
Cyprus,CYP,2019,1.748205428742045,7.07,3.83,54.16,45.16,75.75886760372079,201.6849973122473,5.8755912300326685,19.494168888024344,74.74730195744138,76.865,5.406328333145448,2.0440030477165747,139.25010822510822,100.4776993,13.65310819,73.28571427350472,7.155
Cyprus,CYP,2020,1.8253356919424548,8.41,6.31,75.1,24.66,79.64725271768498,-101.8331021,-3.220634336,20.651460437502383,81.02146374228457,76.712,5.631417653222064,2.2212522315619223,140.9358225108225,100.7351608,13.78227584,74.55719986173013,7.755
Cyprus,CYP,2021,1.5024912497362255,9.43,7.99,84.7,14.35,90.75714046562857,25.43010684064661,11.38776335519998,19.87601442,86.06924673880533,77.563,4.987994002978884,2.064697177705876,142.5659090909091,99.10281372,11.85204128,75.78975893496917,7.513
Czechia,CZE,2019,1.8915177090881117,7.60336018,6.43771982,84.66940308,15.33059788,72.12485113864818,4.187057376190054,3.565776572048435,26.17185065587297,66.02975886,76.561,22.126676616511592,1.5031246635292264,138.22681026610798,99.28330231,16.80096722,57.80534429,2.015
Czechia,CZE,2020,1.9439913882530089,9.2136879,8.05650425,87.44061279,12.55939102,67.76097323447348,3.3911406622646902,-5.304879546,24.73020518098017,61.01945707149129,76.198,20.796823371682876,1.666923796631616,138.57592884216837,99.78453064,16.88612763,59.582129870058566,2.55
Czechia,CZE,2021,1.7588666649227818,9.4887867,8.17704678,86.17588806,13.82410717,70.55004514284401,4.430295245861996,4.029018306338543,28.128533844450203,66.82807116002445,76.497,19.640981617072953,1.507655382942703,136.10834905384766,101.6778412,15.95074667,60.866552362924686,2.803
Denmark,DNK,2019,1.2412274116914404,10.15,8.5,83.71,16.29,58.95060791671669,-1.100670983,1.7114009439059004,21.885999875019355,52.94086714893586,79.043,13.402427865920185,0.4196968811951924,145.36055,100.5510025,8.33875175,65.15634999101432,5.018
Denmark,DNK,2020,1.3375200866845138,10.56,8.95,84.76,15.24,55.03689732445144,0.3638745386822198,-1.780105988,22.76265325550548,49.39653534669994,78.921,12.837108733560592,0.3745951363462646,145.7851,100.4595871,8.523967236,65.98643867068907,5.637
Denmark,DNK,2021,0.9894998856898856,10.82,9.22,85.21,14.79,58.825423780455424,4.162143451854723,7.382066289775551,23.60200216913368,52.58861990234356,79.583,12.739780527033748,0.3459727590598684,146.418325,100.3084183,8.676680229,66.39929921510527,5.043
Dominican Republic,DOM,2019,5.227288926215819,4.23948717,2.59220481,61.14430237,37.68410492,23.06928204129234,3.1809718229246045,5.052168020162526,26.004823506775704,27.941862879663365,68.788,13.758802906570708,8.343248801,226.02677454385056,112.3336105,41.7691577,58.29482069141157,6.356
Dominican Republic,DOM,2020,6.041477525322516,4.93998051,3.24332738,65.65466309,33.54745483,18.295697159593235,3.1208202502581934,-6.720239373,25.38303638706589,25.997959392874275,63.742,14.445059421692449,10.567108021235132,228.3973491027225,105.9252396,43.11370967,57.20424515852138,6.126
Dominican Republic,DOM,2021,5.665782146,4.91815567,3.28691697,66.83230591,31.63858032,21.752702080816658,3.554306272981532,12.271990234789598,31.352092602899273,30.982164987188447,67.128,15.159889985297797,11.39899138113443,230.78699083489323,96.87046051,43.86430682,54.62967475417947,7.702
Ecuador,ECU,2019,7.786764670961362,7.77070522,4.8712554,62.68743134,37.25939178,24.048634822080324,0.9102429948683484,0.1654035326466925,21.04923323747057,24.03421511813437,69.138,12.678484962460765,3.0137639600816497,69.81809067482686,98.35057831,51.31661318,59.43711535509429,3.812
Ecuador,ECU,2020,8.385748103,8.35889626,5.07644606,60.7310524,39.110466,23.28356240711984,1.153964902779616,-9.245096377,17.58491315830584,20.70575003271251,63.349,12.941812877111792,3.4879045539252447,70.64770897084877,98.1471405,54.3460529,61.32117202740106,6.127
Ecuador,ECU,2021,7.997849790265474,8.28661728,5.27873421,63.70191956,35.86661148,27.00470956880284,0.6036827302157859,9.818417748417003,20.97264189289495,26.146489125560556,68.302,13.150555887688888,4.0651907430032015,71.19686745047511,98.20591736,54.17618808,58.46906869,4.552
"Egypt, Arab Rep.",EGY,2019,10.697135436025732,4.5994668,1.29722774,28.20387077,70.75879669,16.644031451036454,2.8273294496068617,5.5520930715695584,20.05360972122945,24.479985704074338,44.561,15.98829899213724,8.403884631879913,108.04476166557838,97.81710815,28.90006853,50.76175211054307,7.851
"Egypt, Arab Rep.",EGY,2020,11.166823897214186,4.15384626,1.32617092,31.92633438,66.95245361,12.47277573708676,1.5246294899717194,3.5501648378683797,15.994863959951893,19.653479829665507,44.021,16.380455994213825,7.712747245067127,109.81478125470892,98.89639282,27.35550071,52.02710888707555,7.974
"Egypt, Arab Rep.",EGY,2021,11.436932613948462,4.60955143,1.73679698,37.67822266,61.69075012,10.56115021536522,1.2061786105566477,3.2906460120221084,15.171616814996025,19.295823265447016,45.534,15.485283900665006,7.414432171211597,111.46416997337889,99.75010681,27.41938114,52.47730499068016,7.441
El Salvador,SLV,2019,5.146433521792602,8.80846119,4.71487188,53.52661896,46.47054291,29.95590960800026,2.5902436904043764,2.437471590657836,18.344794900811497,46.08610349114658,63.669,15.558677942974144,21.04358006856108,300.3049227799228,92.26983643,39.13705343,59.96568597909167,4.17
El Salvador,SLV,2020,5.354800473,9.08151054,5.88103342,64.75831604,34.96681595,24.526798278894383,1.551019986113428,-7.89310136,17.211617904281457,41.932708670813874,60.396,14.740427724358268,23.80027955571042,300.9012065637066,90.99665833,38.82261047,61.462233545027345,5.008
El Salvador,SLV,2021,4.812255148720145,9.71643353,6.40300608,65.89872742,33.83823776,28.78149538927265,2.7560499827497953,11.904761701595676,23.35491272637876,53.06358059080388,62.963,15.069307244326888,26.245249508924275,301.9199806949807,89.39743805,36.82908245,60.18474586425573,4.327
Estonia,EST,2019,2.2656489626340037,6.81699181,5.069736,74.36911011,25.6101284,72.01915435491976,9.768193646469816,3.7266531817839734,26.356088071313977,68.33299364362885,78.338,12.880324126846729,1.7001929947830403,31.03854970760234,98.15772247,10.41371627,62.32170110047874,4.514
Estonia,EST,2020,1.9318152735340803,7.57906532,5.83760357,77.0227356,22.95885277,68.15455340586762,12.014775285570302,-2.883810041,29.657720267017584,69.23808788,78.626,12.591785813342184,1.5928179136491138,31.099929824561404,98.34667206,10.71489949,63.950788550274915,6.956
Estonia,EST,2021,1.9220002136301095,7.49057293,5.70502901,76.16278839,23.82134056,79.54619178897414,20.30639490641403,7.154447483343972,30.47018334041195,80.84848983858211,78.856,13.046333573243338,1.5855590889965048,31.132912280701753,98.81466675,10.92634277,62.918670508617694,6.178
Fiji,FJI,2019,11.291159745277128,4.25136137,2.62435222,61.72969055,29.92794991,48.46090200819162,5.919520958467266,-0.581946371,19.64766333423284,58.950561814806846,60.13,10.376523155719134,5.263526419717731,50.07657361795293,111.4361572,32.69980656,54.13407586624523,4.373
Fiji,FJI,2020,14.32461472449634,4.76918268,3.10086608,65.01881409,29.35251427,27.82957330279907,5.400621800572394,-17.03866753,16.722345108849805,44.51400219688925,59.528,11.064710157830016,7.155285542887227,50.080076628352494,108.6897583,32.99667474,53.14643273087139,4.649
Fiji,FJI,2021,15.276480749424524,5.38085365,3.35674787,62.38318634,27.88793182,27.253328387921265,9.521290332258184,-4.881036056,21.730896744686422,54.47188056854749,59.772,11.402736017589374,9.143607587585846,50.17575259989053,110.8149653,32.17782793,53.267635180465625,4.701
Finland,FIN,2019,2.189771841118909,9.17,7.35,80.19,19.8,40.61831811435615,6.097077102493344,1.3497384382612267,24.567537879740733,39.94583218038051,77.947,14.712097200211304,0.3153239867988185,18.167360905471657,99.55574799,13.17674999,60.009307473649784,6.695
Finland,FIN,2020,2.240393930292275,9.63,7.83,81.33,18.66,36.21434342836112,-0.939114056,-2.49103621,24.983607389577266,35.97025217122769,78.079,14.523218281885214,0.2215296187742505,18.19287688359545,99.81758118,13.43761196,60.046026219715976,7.759
Finland,FIN,2021,2.1590744641507613,10.25,8.41,82.01,17.99,39.92177324693284,8.014062916772264,2.7347134858954263,24.776896978662503,39.867504944445336,78.692,14.94026466852117,0.2268193926675275,18.230165913412076,99.35363007,13.55813343,60.15902622565966,7.617
France,FRA,2019,1.4082848547253466,11.0888586,8.33430767,75.1590271,24.84062386,32.889559391084674,1.9648694330156151,2.0274464763963493,23.025073361360555,33.53941778306022,71.665,9.91095000638926,1.056405874478275,123.05944586590984,102.4476471,12.09295364,70.11016086296608,8.415
France,FRA,2020,1.460434265770403,12.13096142,9.31343365,76.77419281,23.22595406,28.557222819265455,0.7314717040185792,-7.44064593,22.804418213843544,30.281667904799264,71.091,9.245667103859324,1.1323477529450494,123.4594937148096,102.6516266,12.40446409,70.97701732002425,8.009
France,FRA,2021,1.4633454145789826,12.30787277,9.30704117,75.61846161,24.3813591,31.28804993321046,3.3040531222127094,6.882337865903551,23.44748457828056,32.500432697661495,73.009,9.095825158327871,1.100530300623829,123.90091077275972,102.5804062,12.61129356,70.67357260507276,7.874
"Gambia, The",GMB,2019,20.004045872555487,3.158566,1.30072176,41.18076706,31.71093178,20.165891238048623,3.9194379121789047,6.222053159948587,24.653843161222817,35.83202038,48.804,3.787177036810716,15.208625571184406,242.7711462450593,89.36565028,71.3805476,54.774228025317754,4.538
"Gambia, The",GMB,2020,21.24400520176356,3.72824287,2.42524147,65.05052185,27.2722187,9.607643888,10.461275573721718,0.5914872878739743,32.342054688720026,37.78787628528429,48.894,2.613383787581325,22.97900726,248.59021739130435,91.41179343,71.31602038,53.953706415542214,5.892
"Gambia, The",GMB,2021,23.579267737043047,3.18962693,1.61589122,50.66082001,31.98589134,6.617334760206911,12.502620127966887,5.255968788167436,30.37079024993948,35.48064803696852,48.847,1.902071901,27.16029204623788,254.54644268774703,91.20665597,70.63464837,53.393154490664315,6.269
Georgia,GEO,2019,7.335486264730724,6.66,2.72,40.82,58.66,54.30430841008727,7.925232226,5.380719265899515,27.168228492136908,63.505771829626354,68.553,8.825634879137674,12.80285896426542,65.08556982,101.8533936,49.71775047,60.099726903430806,11.565
Georgia,GEO,2020,8.316548434,8.43,3.7,43.88,55.32,36.90032416798891,3.3983767313965414,-6.290471785,24.6056866,55.99076000723051,68.843,9.428180923497155,13.17641614818727,65.13027048,101.7624435,49.80298796,57.88861816867179,11.73
Georgia,GEO,2021,7.227317370397207,8.42,4.49,53.37,45.97,42.67436120808906,6.742951463600515,10.644233658096924,20.678850207496215,58.92654634082077,66.157,9.916045715038535,14.023815635964082,64.88348088,102.9667206,49.1905453,58.698590837230746,11.791
Germany,DEU,2019,0.833691667,11.71550655,9.04012394,77.16374969,22.83625412,42.38630448558367,1.9069868805970256,0.987893349167578,21.300072421128867,36.74744262888698,79.208,19.368832888245148,0.4634145643303358,237.82295429176563,102.5474701,9.575511853,62.90951885212511,3.163
Germany,DEU,2020,0.7288918779459767,12.69255257,9.96393967,78.50225067,21.49774742,39.16918385213444,4.4866657107403585,-4.095137491,21.666734306967143,33.82407337619796,78.535,18.637328169479535,0.4776400902881572,238.01731875554535,101.9966583,8.875208336,63.72954122483057,3.881
Germany,DEU,2021,0.7421813374822519,12.93412971,10.22433567,79.04927826,20.95072556,42.65758365384092,2.3491652817301607,3.669999861567348,22.46138948880173,37.49903439721906,78.655,18.696762646676422,0.466167565,238.11808580669165,101.34655,8.848127053,63.391632167900646,3.594
Ghana,GHA,2019,17.323230201461975,4.29847813,2.30539036,53.63271332,37.78946304,37.449599862531066,5.677416979771019,6.507774793915203,18.647275616147223,39.375202869620914,67.369,10.16121873087278,5.931833757185465,137.38202810141826,98.37718964,72.13022637,45.141149957678635,3.16
Ghana,GHA,2020,18.8537826616486,4.01752424,2.11122155,52.55031586,38.31406784,31.52542048671149,2.678041037810266,0.5139416706281708,18.22366698578192,35.050078229531664,65.939,10.953055848393763,6.127594039142303,140.1477124,96.87181091,72.09664589,45.18818027766041,3.313
Ghana,GHA,2021,19.6574735227332,4.15176868,2.24425006,54.05527878,37.05221558,30.05511946962312,3.185922516303765,5.076466435335419,17.03667791582622,32.652711443211494,65.486,10.885425544281906,2.4189140989920257,142.91845578443565,97.90464783,71.71010814,45.32201085263799,3.384
Greece,GRC,2019,3.661519339313115,8.19811249,3.99746466,48.76079941,51.10738754,39.56029179309575,2.411722011562015,2.277180636445692,12.099660324617698,41.02980909807725,67.176,7.839589992969859,0.326246537,83.17751745539178,97.64376831,31.89717146,69.72200231000753,17.045
Greece,GRC,2020,3.9238294812331977,9.50363827,5.12932062,53.9720726,45.87639236,31.45042950404095,1.7263781831420306,-9.196231471,13.54100230848223,38.84335694459859,66.197,8.427280422282223,0.3194881067622708,82.99921644685803,97.28317261,31.85751317,69.66208175434765,15.899
Greece,GRC,2021,3.531734881050931,9.17298794,5.43146896,59.2116127,40.65595627,40.26041180046538,2.809147543520909,8.654497853114378,17.482966574190048,47.75225093964048,66.82,8.665589577243258,0.3155539462174873,81.99539953452289,97.33132172,31.82461769,68.93303539054415,14.656
Guatemala,GTM,2019,9.408725550642728,6.17457819,2.37258744,38.4250946,60.70774078,17.611976152952792,1.517071019231066,4.017897934382802,14.32983671761674,27.904766596228686,60.969,13.811290726086945,13.807543609565451,159.6099570735349,103.4272919,36.56079965,62.52260501471477,2.193
Guatemala,GTM,2020,9.926319761492548,6.46693325,2.47522092,38.27503586,60.73390579,16.343612721220666,1.2923038907570146,-1.785551945,13.500683073621444,24.79714892823143,58.618,14.108158946386206,14.675138736941834,161.97578387458006,102.1354828,41.22060666,62.02832657,2.955
Guatemala,GTM,2021,9.184950845,6.9008255,2.33015943,33.76638794,63.90242767,17.62490432,4.193354944,8.033267715164882,16.784641211704457,31.622965108232677,59.644,13.92838292289357,17.816581937786978,164.22779022023144,103.8098984,46.18689129,61.95060994782197,2.174
Guinea,GIN,2019,26.427276814230577,4.08876228,0.92095226,22.52398682,66.67956543,35.04204933563285,0.330286821832839,5.616914468898756,19.72855769897844,43.37326389296453,53.671,10.400358979934843,1.176312052622226,53.04552335992186,98.14182772,82.56470346,35.20282774023442,5.018
Guinea,GIN,2020,26.30327748798879,3.876436,0.77237737,19.92493629,67.76779938,46.969818134712035,1.2517129211378526,4.704590961,31.516400999060895,68.79544138,53.164,9.566256632,0.159915464208879,54.41633974,101.725708,82.79656835,36.756752472928625,6.018
Guinea,GIN,2021,27.07153748075623,3.75556707,0.68805325,18.32088852,59.02419662,56.21863327837088,1.1577049627830895,5.582332811490502,16.076270548549303,58.97689951098527,53.384,11.422792971238092,2.0148085306954724,55.79730180693472,97.96255842,82.3646883,36.16795655085372,5.827
Honduras,HND,2019,10.638033409475147,7.30497599,2.87275672,39.32602692,58.0337677,40.21896373889644,3.8384640823167824,2.559634345923143,22.96771051462136,59.24101425486244,66.18,16.534492569204055,21.708129011368648,88.86972026,87.79846954,51.61705416,58.07197779042252,5.698
Honduras,HND,2020,12.188067140755257,9.03509808,3.43717003,38.04241943,56.29788589,35.87514010303779,1.010682239155602,-8.965082233,19.666372727560955,52.12571628059142,61.756,16.23346940937054,23.931958216701528,90.44275628,86.33981323,46.48791184,58.96445171762753,10.982
Honduras,HND,2021,10.893051926619322,9.16101742,3.43701577,37.51784134,57.50500107,39.36539835992547,2.843613297385448,12.565284377127895,24.230933049991517,64.00724509999294,64.577,16.215164616240642,25.594591476216504,91.96422379122352,83.97950745,46.61333016,58.02944583,8.506
Hungary,HUN,2019,3.3324071158255935,6.28,4.29,68.33,31.67,81.52974061204232,59.91035081320766,4.864225735118907,28.39293725134736,79.22160266728827,74.648,17.432953812091228,2.9723337859071903,107.06926364234056,96.62088013,10.82789613,56.41881423169314,3.419
Hungary,HUN,2020,3.3890532075959787,7.29,5.14,70.47,29.53,78.67507860648874,106.42793309778708,-4.487046048,27.23921824396318,76.74758528702365,75.021,17.308587146595915,2.489024962134235,106.83923953539338,97.17494202,12.04426423,56.62920398310032,4.25
Hungary,HUN,2021,3.4564745856157137,7.38,5.33,72.22,27.78,79.94113827816648,18.38887571779474,7.061220609729119,30.638621586600788,79.74713584248029,76.166,16.732907976757243,2.0796814526005596,106.39810431733508,101.4584274,12.50792033,56.99194657757035,4.045
Iceland,ISL,2019,4.385031651795299,8.58,7.1,82.8,17.2,43.71324843959308,-2.254592491,1.8611779429387385,20.673640857409456,39.14949734179514,87.095,8.485569161047064,0.7514623274650342,3.575949618169196,98.81343079,12.81859035,65.96650908399798,3.507
Iceland,ISL,2020,4.640700534808059,9.61,8.01,83.33,16.67,33.30964504903643,-4.061305435,-6.940453095,21.32639228015649,34.66543057663796,84.88,8.900231865509165,0.7658025975558521,3.6344639492214617,98.55612183,12.79499986,65.1821176,5.478
Iceland,ISL,2021,4.363940115,9.73,8.14,83.67,16.33,37.27254258571342,1.8015454558660575,5.254209753178543,22.948410823295312,39.00063891105477,84.87,9.796809481,0.7407541231933766,3.694535356540712,98.56729126,14.02314565,64.86775624,6.029
India,IND,2019,16.755568303283702,2.95,1.04,35.07,64.38,18.66426489725703,1.7848263395716106,3.871436940703561,30.09619756856875,21.24113863338716,55.03,13.455807563339416,2.938774655669229,467.1851822453325,99.50392361,76.62674972,50.08495785468219,6.51
India,IND,2020,18.66853766037267,3.34,1.21,36.3,63.04,18.68247692967557,2.4062032267363627,-5.777724707,28.922384008065865,19.07562839960119,54.374,14.120485357692278,3.108552774,471.7551501922178,101.2912534,77.2018325,47.93268810921623,7.859
India,IND,2021,17.372561526031365,3.28,1.12,34.27,63.52,21.399158330551472,1.41217101,9.689592492,32.11582217550139,24.02393045349313,55.481,14.377028853128614,2.8218350386984192,475.6520424190852,102.3161233,76.65410273,47.847223459670865,6.38
Indonesia,IDN,2019,12.712602657752232,2.87862897,1.39791656,48.56188965,50.87226868,18.59152779708829,2.233362042751375,5.019287680462824,33.78014237739923,19.036249738622523,70.571,19.703539087551267,1.0424802430451594,145.13268893683633,102.5970185,51.92598337,44.220745839176,3.59
Indonesia,IDN,2020,13.698414279613836,3.42067289,1.88725579,55.17206192,44.32585526,17.33116828,1.8105840202489156,-2.065511829,32.34341205374834,15.641007115350442,69.644,19.866421885630384,0.9112772778587712,146.3712835928691,102.4379919,52.99642324,44.41343995162916,4.255
Indonesia,IDN,2021,13.280169137659634,3.70636249,2.20201945,59.41187668,38.54430771,21.416555639065315,1.787855631479151,3.7028856282775138,31.448872485848323,18.788202635901825,68.175,19.243407781773843,0.7924441881606523,146.23510770862637,101.9907106,53.12532541,42.82282062515211,3.827
Ireland,IRL,2019,0.8833369186321635,6.7090106,4.981359,74.24878693,25.75121117,127.27154289836837,7.676315243386816,5.040550288017997,53.71355352038706,122.4742227838801,73.251,31.93712833756741,0.1441047312248753,71.62636086514733,100.9808578,14.39864117,57.50281572192688,4.95
Ireland,IRL,2020,0.9395580405535532,7.1091466,5.54758024,78.03440857,21.96558952,135.46287670302053,8.083326239818422,7.157898830572094,42.46284781031137,114.64557561166914,71.883,33.81615999024655,0.063233886,72.36728117,101.3688126,14.5218329,55.89291528401004,5.623
Ireland,IRL,2021,0.9672987423753532,6.71662664,5.19847488,77.39710236,22.60289192,133.0550636040018,14.628617112276135,16.255613244600212,23.110897388895378,91.36377225072204,74.793,34.57613691727197,0.033851386,73.06087966323123,99.98384857,14.11897564,55.28923683055966,6.364
Israel,ISR,2019,1.34978874,7.17,4.65,64.82,33.77,29.254289607019025,4.344414793791092,3.785141452246549,23.99454478225576,27.41221378900095,73.339,11.60660456644209,0.2385581030612196,418.39186691312386,96.27092743,11.3178549,70.43684682014685,3.731
Israel,ISR,2020,1.3652503621730874,7.71,5.26,68.19,31.15,27.617570915915284,5.092845597789619,-1.464605643,24.45098810193539,23.533729560252763,71.665,12.16005540644903,0.2508205872961767,425.8364140480592,96.37476349,11.30942683,70.33724231596989,4.169
Israel,ISR,2021,1.3205153971455286,7.9,5.39,68.18,30.8,29.326331475615703,3.869630311914424,9.343907745968464,25.816690397362567,25.735397920302628,71.819,10.881044035303566,0.2511903623072382,433.0591497227357,96.24897766,11.20007951,71.55804940817512,4.812
Italy,ITA,2019,1.8186687987384944,8.66,6.38,73.74,26.26,30.94987391819416,1.7706689420920814,0.4291625343719119,18.364131527723917,27.74431634,65.69,14.803282228795515,0.5178491128419839,201.9805455891951,102.9593735,22.49752131,66.09422112307594,9.951
Italy,ITA,2020,1.9280162015611984,9.63,7.31,75.93,24.07,28.725855187019928,-0.893869914,-8.86822121,17.898686829716603,25.213628717256448,64.086,14.477256120151,0.5184075979960875,200.99910049134817,102.636673,22.29089913,66.70725519979828,9.164
Italy,ITA,2021,1.8333929079470723,9.38,7.08,75.46,24.54,31.171608863009183,1.1427256350811088,8.931062066007797,22.001138231520805,29.13036875727066,64.484,15.365300568127976,0.4821963434554471,199.9654162594643,101.0898819,21.58915205,64.83645602,9.497
Japan,JPN,2019,1.0389474446452729,10.97,9.21,83.96,16.04,17.463526427522105,0.7807853133012587,-0.402169201,25.789696130635935,17.752891680892358,79.798,20.224182790510596,0.085750851,347.4156378600823,102.6522827,9.932310542,69.62767166364229,2.351
Japan,JPN,2020,1.0663231866429594,11.0,9.34,84.86,15.14,15.52851549865304,1.237931782018692,-4.147118899,25.246318970330577,15.797277625645552,79.842,20.05249271871009,0.096680851,346.39506172839504,102.7368317,9.881431718,69.46161618145112,2.809
Japan,JPN,2021,1.0132808176463712,10.82,9.17,84.72,15.28,18.12547663523664,0.6957259617838065,2.559320239,25.71904734845126,18.646006651810065,80.257,20.855494873603664,0.1051498075355828,344.8054677640604,102.2183228,10.35193202,69.12976314011185,2.828
Jordan,JOR,2019,4.3719379046856295,6.99518251,3.00427818,42.94781876,53.64096069,36.33494043581705,1.6397056511564367,1.7512407786622504,21.413334174337862,49.35289306060333,41.408,17.567327189115836,10.255676824112024,120.18707345090884,98.86032867,12.41338873,61.22297007660615,16.801
Jordan,JOR,2020,4.646574471645461,7.03820276,2.74805593,39.04485321,56.01600266,23.899941960736992,1.7397597829419225,-1.102751883,21.458541376115825,42.160006848168926,42.221,17.147201984112556,11.027717809029436,122.36443903867378,98.96053314,11.13428303,61.776484571379655,19.213
Jordan,JOR,2021,4.786752777043907,7.28875065,2.59331965,35.57975388,56.08350372,29.95841425647902,1.3431606204922608,3.655641910303984,25.17779681810634,50.37445568796139,40.883,16.903435157168705,10.955809799584872,124.62954704146676,98.00174713,11.66351628,60.843839640665024,19.837
Kazakhstan,KAZ,2019,4.466335958127513,2.79,1.67,59.94,40.06,36.43898709909944,2.053676492907659,4.500000000918831,27.62757494857468,28.41962945265702,80.331,11.466364067233965,0.2785731508111932,7.115440604511613,101.6220471,25.64414459,55.528255933205685,4.8
Kazakhstan,KAZ,2020,5.391282693448097,3.75,2.47,65.8,34.16,30.52890679896806,4.2119999030916295,-2.499999996,28.806915364837575,26.49753556712507,79.325,13.07253218010066,0.218836862121885,7.216400711190132,101.7837142,25.6194449,56.102780894105706,4.89
Kazakhstan,KAZ,2021,5.030001939963306,3.92,2.56,65.33,34.58,33.644862124162394,2.316758745992471,4.299999997294563,26.533435587345217,25.02374645375826,79.814,13.60875474280338,0.1572130710844169,7.3132581397933105,100.4747964,25.47144196,53.919357015521086,5.546
"Korea, Rep.",KOR,2019,1.6679309789913537,8.17479515,4.73187208,57.88367844,42.11632538,39.27586106736089,0.583393861,2.243977860110121,31.49493366608156,36.48127789785815,68.772,25.222222874628976,0.4339348727208408,530.3772745901639,99.63881683,24.63698914,57.24215056382752,3.746
"Korea, Rep.",KOR,2020,1.7657204813332248,8.3497715,4.99585581,59.83224487,40.16776276,36.359590549145985,0.533043338,-0.709415359,31.88458526504151,32.67445454181017,67.886,24.780280701110748,0.4521524040763709,531.1090061,99.21790314,24.42813057,57.007521205206594,3.931
"Korea, Rep.",KOR,2021,1.855664255117961,9.33145523,5.69225502,61.00071716,38.99928284,41.87722950478043,1.2131549985580703,4.304734819069694,32.32719377501714,38.32222742,68.399,25.486490832485455,0.4257678893100827,530.4256045081967,98.67578125,23.90564027,56.82189944853821,3.639
Kyrgyz Republic,KGZ,2019,10.37390262489312,4.49,2.31,51.42,46.26,33.476469660032365,4.309606628839804,4.600625657,34.44626363423969,60.95381269426154,67.844,13.721424211547376,28.78590498509869,34.35980709,99.37710149,33.74263243,50.32618507949051,4.295
Kyrgyz Republic,KGZ,2020,12.169655673088435,5.26,2.36,44.84,45.99,29.581877807420675,-4.854847031,-7.148977577,25.030491398471067,49.41040062305315,68.324,13.157526959211092,31.80698267218478,35.07088373305527,97.05412073,34.15884008,50.68910091566428,4.63
Kyrgyz Republic,KGZ,2021,12.412233029824325,5.44,2.91,53.44,40.7,35.80558987796324,2.4456927677140943,5.507007626719229,26.493665551814686,64.45578698360602,68.519,11.806270975327084,32.563535606405566,35.72066736183525,95.40355686,33.52318638,51.03601014901496,4.096
Latvia,LVA,2019,3.8534344419983615,6.61,3.96,59.86,39.88,62.536843016307266,3.3710026671148268,0.6753752568120746,23.33847453788093,62.75478869,77.551,11.02253150395605,3.452051244692569,30.755491989007982,99.98343658,13.14027214,63.09871941357868,6.312
Latvia,LVA,2020,4.079181942175598,7.25,4.6,63.44,36.39,62.65924226175852,2.814135578124266,-3.469229153,22.155425922364714,61.22395578,78.187,11.482572403688158,3.260491525495123,30.539112968021858,99.8328476,13.67657768,62.38762278292683,8.098
Latvia,LVA,2021,4.206524331506908,9.04,6.27,69.33,30.53,66.80812939635065,9.778899553,6.947233162,25.72632746172407,69.98204136247766,75.802,12.847506450304008,3.4500465370264264,30.282661095934436,99.74076843,13.0990949,61.62203851288357,7.513
Lesotho,LSO,2019,4.463802088221722,11.94662285,5.77186584,48.31378937,13.25588131,46.20932817811613,1.494648391,-1.417993831,26.79450413126815,94.30730531356367,59.56,17.219132517818743,22.129578344675828,72.77355072463769,96.09326965,39.05461722,52.60279985393734,16.876
Lesotho,LSO,2020,5.307712324222778,10.27927017,4.77819252,46.48377228,16.6175766,44.44901227889004,1.363474153662354,-8.155958799,26.264670044476397,96.64759237,58.997,16.347053421457268,21.90618873029204,73.64054677206852,92.67140972,38.90767265,51.86370021961204,18.399
Lesotho,LSO,2021,5.9562526280858545,10.21370411,4.20355701,41.15604782,14.46548367,46.14608982145452,-0.512915646,2.266710670065379,28.47013523590016,93.04038964395218,58.915,16.540095521630338,19.670080851313585,74.49084321475625,90.07334575,38.80480974,49.80350505926357,18.23
Lithuania,LTU,2019,3.1240474440371564,6.99,4.55,65.09,34.55,76.81872298863794,6.230353005563584,4.677351557968066,19.58038623,71.55627302318052,78.022,16.002623355241948,2.365550496308179,44.62052060044714,104.7060623,11.6569994,61.179068325455034,6.255
Lithuania,LTU,2020,3.5324199391432622,7.48,5.14,68.7,30.74,72.43468550345972,7.943449003636695,0.042814017,16.519822785046344,63.361880060058965,78.533,15.460550601738516,1.3770274137697789,44.63246566592143,103.4682465,11.75972175,61.01700944364292,8.487
Lithuania,LTU,2021,3.395821238,7.82,5.26,67.18,32.33,79.62993851304194,3.7406423438232146,6.380016762043212,21.835006708402744,75.17678916292762,78.184,15.91787897394307,1.1606630277846437,44.734690943938666,101.1529922,11.90875782,60.87756663051378,7.112
Luxembourg,LUX,2019,0.2153687442125596,5.47,4.7,85.87,12.8,206.41164979316775,252.92035606494716,2.915847915000498,18.69294439352911,175.93671940983538,71.916,5.042530673884345,3.003275025,240.82759102879828,98.33454895,10.30867832,79.11892082604608,5.592
Luxembourg,LUX,2020,0.1990925367660511,5.74,5.02,87.36,11.4,203.12026326467225,200.83150848780815,-0.909829799,17.345323736881817,169.1511396789676,72.112,4.942391674127813,3.166111691319489,244.8742648943856,98.64424896,9.488237374,79.75605209,6.766
Luxembourg,LUX,2021,0.190650028205856,5.67,4.93,86.91,11.93,213.2226786691037,60.96252483344771,7.168401986977486,18.83957985021184,179.91851948691598,73.32,4.690487371211454,2.8493690981908317,248.62068161866955,98.47583771,10.6225219,80.11875618946488,5.571
Madagascar,MDG,2019,22.95625201006569,3.10129309,0.68268955,22.01306152,39.79958725,28.42440124,3.362798309946536,4.411232129095893,22.68404812907761,34.176921802515295,86.546,10.090051352078808,2.890364382918279,48.50387418356824,129.2258099,89.17489313,49.803398923587984,2.469
Madagascar,MDG,2020,24.692944398132656,3.72316122,0.68988532,18.52955818,35.8677063,20.14207488336171,2.7465713235246776,-7.137671621,17.715325109922812,28.868632483075395,85.718,9.724984405996793,3.7954163046495544,49.76547954623582,131.2066141,89.41077468,50.39299475970231,3.284
Madagascar,MDG,2021,23.18822376577255,3.5045228,0.73712856,21.03363609,38.51412964,22.77428988270323,2.456494025263774,5.739615738543364,15.09780876218283,31.68275170900356,86.173,9.496723939008934,3.021091605582225,51.033143691990375,145.6963942,89.16786554,49.54174577216937,3.487
Malaysia,MYS,2019,7.241308000038188,3.83991051,2.00959897,52.33452988,47.66547012,65.27776684285756,2.506977057480441,4.413187421295859,21.04824039448149,57.75079518508534,69.499,21.40899829753307,0.4374181802368838,101.7823649368437,101.383614,27.77122095,54.15479304551025,3.26
Malaysia,MYS,2020,8.166002271,4.08395433,2.17674136,53.29985046,46.68740082,61.577935905434934,1.2027546425582092,-5.456846584,19.658008228154237,55.21024653220354,69.332,22.232077594186293,0.4227761194752513,103.1488601430528,101.8674289,27.8874218,54.78857805666969,4.54
Malaysia,MYS,2021,9.566214588,4.38380671,2.46428084,56.21326447,43.78249359,70.63305554933368,5.416259849146919,3.3153495439916583,22.12570839966724,63.402939141392864,69.565,23.363165635523977,0.4153016721584821,104.3445411657282,101.1660738,27.73126118,51.65193558682698,4.64
Malta,MLT,2019,0.4721066879515001,9.15,5.72,62.51,37.48,124.52036586554752,198.1995904281497,4.084706028473391,20.969348289375557,108.55027794670048,75.846,6.430654958526601,0.080729652,1575.19375,98.17488861,16.23124763,77.21513869167865,3.616
Malta,MLT,2020,0.7277304614189372,10.74,7.16,66.68,33.3,136.18388172122252,192.1413187718472,-3.474687509,22.518517774079275,120.70427409983331,77.05,6.716868511717316,0.083705843,1610.4125,96.80249023,16.47916831,78.52518385035067,4.347
Malta,MLT,2021,0.830737707,10.58,7.13,67.37,32.63,118.59755466274927,433.8608971112745,13.460305196059494,23.970231771336195,102.0523785453272,78.157,6.334000137760183,0.070866379,1620.425,95.41365814,15.98287872,79.15160910785715,3.394
Mauritius,MUS,2019,2.7072414412584846,6.02485895,2.83796334,47.10423279,52.60305786,44.66714053,0.3997203730375897,2.891284993465163,19.43593929405516,51.82481039155803,67.393,10.520046552680292,2.2063176139551484,633.9434151,95.42308044,19.85588043,67.41781030563865,6.331
Mauritius,MUS,2020,3.1418616360047587,6.48210192,3.32954884,51.36526489,48.4409523,39.349795265486534,0.1410195467206342,-14.54653815,18.21491108863512,46.480749609021686,63.806,10.816398365688366,2.495841880094976,633.9579369,95.00639343,18.97303157,68.04738077946149,8.626
Mauritius,MUS,2021,3.280236086774003,6.39258909,3.14497805,49.19724655,49.42393494,44.20173472818902,0.7451352363045424,3.4037986617766194,19.793152564603275,53.79829451114959,60.984,11.698241671487676,2.3725733098223665,634.1181772658988,99.88601685,19.01683134,66.92633984047852,7.719
Mexico,MEX,2019,3.3150243993908264,5.44796371,2.67861629,49.16729355,50.83270264,38.52965079813575,2.296310501411293,-0.392690522,22.14854264092573,38.93232147131087,64.859,19.887754261057648,3.0544688327640244,64.69455592993647,105.0950394,31.82778824,59.15560301074343,3.477
Mexico,MEX,2020,3.711148885629538,6.22204065,3.29035473,52.88224792,47.09709167,39.23537209,2.8119850399005495,-8.354034557,20.236659351530868,37.61918362,60.241,20.184273572046347,3.9228468549959183,65.22752848581496,104.5177307,30.35980381,59.18964986433485,4.44
Mexico,MEX,2021,3.7826652859376337,6.07868719,3.04519415,50.09624481,49.79109573,40.56919319341935,2.689247498006331,6.048483442905052,21.70749393030902,42.50010442680827,64.006,20.83583586017599,4.182614813960246,65.66431646904499,103.3588104,31.90962128,58.32569950811505,4.019
Moldova,MDA,2019,10.16081262864411,6.5,3.88,59.67,36.91,31.191084957976873,4.442182970109154,3.5523140853476036,25.103661882340777,56.44115215691375,71.473,9.894330508087728,16.27283824623813,92.75609357,105.0749207,59.55989687,54.677959531029785,1.466
Moldova,MDA,2020,9.366692013801776,7.0,4.54,64.82,32.09,27.91433626375359,1.3504763424137458,-8.27597832,23.864444352607713,51.351385855404416,71.839,10.106664347271536,16.27492238441102,91.74732605,106.5199814,59.46264536,54.09472253177094,1.186
Moldova,MDA,2021,10.58658701,7.75,5.06,65.25,31.27,30.648787712689828,2.8200678267721018,13.929999788978575,26.856125866443172,57.82209882723683,74.416,9.639959957,15.478748439119752,90.11035512,106.7784223,59.19664265,54.641640960383995,0.785
Mongolia,MNG,2019,11.558382861226647,4.49497843,2.11976218,47.15842438,44.54169083,59.21723318065395,17.198939520012637,5.602244220642547,35.59184515692696,65.17928144051093,67.62,7.069555547,3.948446042247401,2.0983504339036947,96.09524453,43.37236237,39.74061922972414,9.269
Mongolia,MNG,2020,12.96565630314745,4.6662488,2.56925178,55.06032181,44.93967819,57.66034973409949,12.91307999396542,-4.557751976,22.38359766477511,55.17829789521793,65.343,7.756164685090369,4.122542635056933,2.1362372180919453,95.12458529,42.73230572,40.4904558,6.594
Mongolia,MNG,2021,13.163174192774166,6.911304,4.53154278,65.56711578,34.10692978,58.54886395409158,14.217731942267095,1.636769577366621,36.719029572839894,60.54921448367948,63.591,7.109182102225356,3.0822221908858527,2.1725366242334707,94.98569509,42.68861725,39.64490791709541,7.747
Montenegro,MNE,2019,6.393841538508463,8.33,5.07,60.84,39.16,43.84663877979695,7.534929223552115,4.062944991671969,31.97779230765968,64.99793868241711,65.909,3.7180675041615183,10.54330222731046,46.24743494423792,103.651741,20.59074286,58.72446354740132,15.128
Montenegro,MNE,2020,7.554891790881635,11.42,7.13,62.47,37.53,25.996684309098463,11.130049482096355,-15.30689376,31.186368921860502,61.00933377262216,61.239,4.110352921107438,12.59336726268995,46.19375464684015,103.8465729,21.52381324,57.99604019,17.878
Montenegro,MNE,2021,6.461483444585355,10.55,6.46,61.18,38.82,42.83435544193113,11.835696937431344,13.043464252155232,26.65491584858962,62.19563780141575,59.147,3.852906773524575,13.515629184067004,46.03799256505576,104.3996735,19.21739703,59.86178729,16.543
Morocco,MAR,2019,10.842401737003923,4.99129868,2.02342105,40.53897095,58.72442627,34.09305746889105,1.3347978956741524,2.890974761370771,30.594933523466004,41.90505841095112,49.14,14.763323536338676,5.400685747156942,81.13577862424378,111.5162506,40.51229291,53.47812129991386,9.194
Morocco,MAR,2020,10.663640142059236,5.83834505,2.46564341,42.23188782,55.72185135,30.794106953978257,1.169073345875584,-7.178207442,28.77697342333079,38.04969643645817,47.729,15.177396164956004,6.1095309186208775,81.97223392336993,112.5532074,40.76785087,53.19030227935134,11.223
Morocco,MAR,2021,11.977943900927729,5.73834944,2.22957587,38.85395813,57.52303696,33.136084940578726,1.5942232144536594,8.154738898236815,30.676355181843743,42.38733223507183,48.574,15.235675795084145,7.679285369863504,82.80179699753529,111.8368607,40.3994752,51.78820003399753,10.576
Mozambique,MOZ,2019,24.76978181456368,7.95272589,1.84061074,23.14440155,15.45444489,37.142056360832285,21.784191490193212,2.3178139482147486,40.84611993135935,68.44911504108892,79.185,8.727729553032031,5.667933871366999,38.00246700068669,119.0659866,85.49290805,40.45297772432468,3.646
Mozambique,MOZ,2020,26.88197440876545,7.56957626,2.39674187,31.66282845,16.3225708,32.78987346878436,22.394437032002564,-1.2195225,44.82667646796857,67.11627258319459,78.436,8.338781311614978,2.7875103684154325,39.14607187364887,120.1616592,85.58101907,40.48765111902268,3.921
Mozambique,MOZ,2021,26.894591350236514,9.05218315,2.57044268,28.39583206,14.08927536,40.35049852427321,32.752213853400626,2.3774357276150653,40.36931378,71.72846593405978,78.4,8.064960047437253,4.572272881312416,40.32121874920522,116.9442755,85.31378101,39.03402134660898,4.053
Namibia,NAM,2019,7.083976738474352,8.43033981,3.98556781,47.27647781,48.033638,36.40088186158184,-1.407106286,-0.839152163,15.329112710281336,46.50026888105363,60.112,12.46239853603337,0.522993878,3.219392923514193,135.1364323,37.66567348,58.43045255103119,19.921
Namibia,NAM,2020,9.158178088911988,8.90162563,4.41917324,49.64456177,45.24013519,33.677868951742305,-1.418899553,-8.101402014,13.929203423547648,43.24737345190414,59.06,11.0196432,0.6049546888050066,3.3144602752371584,133.6895666,38.2902472,58.77462055693563,21.004
Namibia,NAM,2021,9.563003794826365,9.38092136,4.45213938,47.4595108,44.40513229,31.956410883298776,6.775148977065512,3.6038291924870265,17.51265683878586,51.5878922090636,59.442,10.776929501612347,0.5828791024347081,3.4138007263540184,134.1147157,38.75439132,57.82645166856084,20.922
Nepal,NPL,2019,21.58337276002695,4.45,1.1,24.81,63.28,7.779936474451095,0.5428019797476668,6.657055431104666,41.37874090983632,41.469590112450064,42.185,4.981441388018955,24.116370126481925,198.2146076,136.6656647,80.9366126,52.02271626229524,10.389
Nepal,NPL,2020,22.180090192791603,5.21,1.57,30.05,59.4,6.805289825537423,0.3787390914029587,-2.369620629,30.44028150939292,34.113575769472114,41.79,4.474854391635792,24.25024610231916,202.06888036274853,121.1866837,81.23112995,53.938846741755455,12.975
Nepal,NPL,2021,22.02145228,5.42,1.8,33.2,54.06,5.119171484826062,0.5316909067762345,4.838149614114997,35.16359746483625,37.934633306395874,41.912,4.7660376655948635,22.277578627432707,205.61569584931985,118.3385537,80.74257467,51.53723277378247,12.186
Netherlands,NLD,2019,1.758806990396099,10.14,6.69,65.99,33.98,85.32093949265276,-13.67403584,2.300091594761966,21.758035689536943,75.35573239234628,83.393,10.420756670245984,0.3954644072126303,515.1432729432729,104.5789108,15.80072366,70.25080534656114,3.379
Netherlands,NLD,2020,1.7373720548267344,11.21,7.72,68.89,31.09,81.24152594789966,-23.70951099,-3.867953393,21.351977983080676,70.99170446180659,83.414,10.484002336909327,0.3884240311229529,518.013068,104.3388138,17.07325254,69.82153508487218,3.82
Netherlands,NLD,2021,1.6546464023330154,11.29,7.88,69.73,30.26,86.45000280410521,-10.95325996,6.276830732305257,22.19381975,76.70483988559252,83.678,10.7549772867478,0.3752419547746336,520.7319275319276,104.3784027,16.76892428,69.44299254108014,4.209
New Zealand,NZL,2019,5.694033893058887,9.49310207,7.13066435,75.53417969,25.02498436,27.35030565658129,1.369883427509051,2.361962177856043,23.680879052851505,27.11413758415229,80.932,9.674843302638706,0.2226622215946208,18.910030002658463,98.2542038,19.41335065,65.58291418401299,4.109
New Zealand,NZL,2020,5.714468645576722,10.07205391,7.84314537,77.87045288,22.12965965,21.728578745823068,1.9441314498092743,-0.424906458,22.933486182589817,22.25359155101344,80.654,9.392912022244444,0.2014535369939302,19.331586343093697,97.53652954,19.48876956,66.46015756481866,4.595
New Zealand,NZL,2021,5.780224315536444,10.04858398,7.74131298,77.03884125,22.96116066,22.337298732299317,1.7898757694134122,4.546247638528783,25.160205464554014,26.212346835767782,81.576,8.811161120127608,0.2607808094033594,19.411720025825073,97.91694641,19.2874348,67.10921858,3.776
Nicaragua,NIC,2019,15.52967804210036,8.56945896,5.27607536,61.56835938,34.84769058,44.80450008796664,3.960932795493695,-2.89702792,17.831075522926007,49.23778095831332,67.501,14.03947562373102,13.279755599046856,53.87782117,108.9485213,43.6283686,50.467411926374304,5.472
Nicaragua,NIC,2020,15.73022098,8.65219975,5.35035658,61.83810425,33.89159775,41.893679163834754,5.886495472537575,-1.755952892,19.416456951817633,47.01225224563272,66.866,13.453360642186668,14.627527262635237,54.55598304803058,107.9014984,43.96650474,49.033551314315105,6.201
Nicaragua,NIC,2021,15.443220674585543,9.68343163,6.13926029,63.3996315,32.27962875,46.61752378578421,8.626235510924483,10.316091284179125,23.28323225338268,60.07767443,67.842,13.932750507074926,15.20001944507544,55.216395213561576,106.951306,43.56821732,46.45489797190132,6.118
Niger,NER,2019,36.99192039314094,5.66642094,2.02236509,35.69034195,49.06087875,10.759376916053167,5.563788727951039,5.939852571235221,30.672320937476933,26.34318950902694,73.594,7.346278793255863,2.3946666534692507,18.116173521749428,69.77816772,91.5207287,36.54049277256886,0.531
Niger,NER,2020,38.37557985835073,6.17012262,2.31365919,37.49778366,46.76221085,9.737845606189774,2.6239554528365123,3.5506410943689133,28.48973230878623,25.77514505089435,72.893,7.389988390416743,3.790155530849029,18.72393858056367,73.04428613,91.42761685,36.09292056906643,0.594
Niger,NER,2021,36.481025800414855,5.81452751,2.12211633,36.49679565,49.20999527,9.993720669,3.9881262800603423,1.3835963619847718,27.56041612457893,27.022172881200657,72.947,7.639453305493485,2.3689652189354016,19.343285703007815,68.30986023,91.00433381,37.05371985406345,0.78
North Macedonia,MKD,2019,8.132291394476262,7.07,4.26,60.25,39.75,62.40805678788133,4.358924933838552,3.910419538401726,34.26011609928351,76.16817505265756,64.791,13.394149993575704,2.8130696589450586,74.39579698651863,93.65384674,20.60442756,54.99499771179601,17.414
North Macedonia,MKD,2020,8.569059287592637,7.73,4.67,60.4,39.6,57.771485775759025,0.062242187,-4.68845001,29.917373894334208,70.46975854649773,64.132,13.297274683241692,3.802947538111766,73.59730372720064,93.43533325,17.59916759,56.55534163578771,16.575
North Macedonia,MKD,2021,7.147488844258305,8.52,4.64,54.49,45.51,65.44386485615776,4.973152949891987,4.510679490382216,32.22079800396192,81.27754662791574,63.969,13.48326467382736,3.497385174828872,72.84353687549564,93.2624588,16.8953872,56.66266819294121,15.801
Norway,NOR,2019,1.7824610216970718,10.44,8.95,85.72,14.28,36.64092532062696,3.9951340264107382,1.123777874367974,29.611444403947026,34.25489520667168,79.333,6.276062105,0.150642925478894,14.64799750201318,99.08065033,6.357641478,57.31028928224209,3.684
Norway,NOR,2020,1.8439294251894007,11.42,9.82,85.97,14.03,32.210337779767876,-1.115965034,-1.278171785,31.35211572766732,33.14364126156446,79.391,6.587926016336494,0.1602157944415891,14.767215229833784,98.88574982,6.124923649,59.60411084549663,4.424
Norway,NOR,2021,1.5988691771445938,10.08,8.66,85.9,14.1,43.036301920636575,2.816834528850511,3.908686776894171,25.08805067,28.18641185532332,79.865,5.615283870163515,0.1334581676671935,14.847009086666484,98.97319031,4.805741132,50.567250032435766,4.359
Oman,OMN,2019,1.9947193393858131,3.80648994,3.33252549,87.54851532,12.45147896,49.49290300477858,2.269089233713532,-1.128638017,26.86491786623508,36.98529802654507,71.773,8.029380319793027,0.0443008440787491,14.834381260096931,99.67182159,3.511311753,50.673372829996985,2.04
Oman,OMN,2020,2.4692330884771407,5.25332022,4.68192053,89.12307739,10.87692547,47.05487336914812,2.515486240543805,-3.379720527,27.620669334502796,44.82101743229909,67.483,8.356060190768556,0.051392391,14.61226817447496,92.19767761,3.53534834,55.02412016226291,2.94
Oman,OMN,2021,2.392184893971885,4.37028217,3.81048203,87.19075012,12.80924892,49.40433643078389,10.015189421015007,2.5821749892892996,27.855908982606625,42.61972837741243,67.463,9.409697402906838,0.044674768,14.540949919224555,89.19802856,3.518350302,49.156242554205384,1.9
Panama,PAN,2019,2.455080777951975,8.46795654,4.80475616,56.74044037,43.17684937,40.214174520768935,6.008461506606016,3.1030678863035916,38.06746592805429,40.214476044187926,73.383,5.675572879305254,0.832419817,57.08681585332974,93.07832336,39.18375029,66.00604294778053,6.256
Panama,PAN,2020,3.064188404362427,10.8049345,5.8625102,54.25771332,45.49739838,36.26908810559103,-4.361463099,-17.82122997,23.95460772927246,32.43133541,71.976,5.668008588140874,0.6774259072183099,57.876260447559986,94.25945282,44.26855773,71.00344512844072,14.663
Panama,PAN,2021,2.802892157766456,9.68179989,5.37886906,55.55649948,43.36167908,41.60670394932489,2.0069446410651723,16.46712491915588,31.298934286430836,38.52675957396384,67.74,5.283300734531155,0.8408461443689289,58.579199245079536,100.7355118,40.85371303,68.15698421840605,10.177
Paraguay,PRY,2019,9.667473664167268,7.16081905,3.31885815,46.34746552,53.64622879,36.087290943446675,1.0794215367429474,-0.401855101,21.68531162,35.134870790796604,75.577,18.795168240080606,1.7560562722308517,16.398333752831615,89.88820859,42.92543303,49.55860957399552,6.595
Paraguay,PRY,2020,10.727990282214444,7.67533064,4.13318157,53.8502121,46.14598846,33.27062698501685,0.5600915680998858,-0.819785391,20.041460349616756,29.48959048983922,73.485,18.70442753482156,1.6474149226065236,16.62154291467405,92.28337097,45.52123975,48.154630046867545,7.548
Paraguay,PRY,2021,11.2789007802766,8.03277016,4.46610212,55.598526,44.12843704,35.48709251015914,0.7654904461846743,4.016737318,23.99812737442307,34.25518051097656,75.376,19.18981130360405,1.4652587228468097,16.824017115529827,92.54593658,44.2394865,46.99224629155848,7.311
Peru,PER,2019,6.853031034772384,5.17916393,3.25723219,62.89107895,36.91308594,24.03908743490677,2.091289833976634,2.2406317687504895,20.833639551486645,22.904417940534184,80.921,12.84935116747858,1.456526994722208,25.35101797,102.4861221,52.91321414,54.391562027549135,3.379
Peru,PER,2020,7.715846373,6.28521156,4.32614946,68.83061218,30.95219994,23.01144314299312,0.3293870763025656,-10.9333065,18.19125888779185,21.234524054750928,72.345,12.25261572775122,1.4418600194130302,25.65513984,106.543869,56.35662771,54.191060000142066,7.179
Peru,PER,2021,7.12151916,6.15173197,3.9896729,64.8544693,34.90298462,29.14535850087661,3.1553533513347456,13.355229509307918,22.33350030738405,26.128896377422073,75.445,12.065734647874496,1.593795832471959,25.90303281,107.1192322,53.45774466,48.71092237983561,5.097
Philippines,PHL,2019,8.820323747169672,4.17,1.69,40.6,58.99,28.382920012203066,2.3011749859475743,6.118525661185046,26.401808464322603,40.45892224630664,61.331,18.516454400011405,9.332613532671818,371.6157997115739,95.9793329,36.14969109,60.85216837178471,2.237
Philippines,PHL,2020,10.185311031761549,5.16,2.33,45.2,54.06,25.202839310203156,1.885863632111708,-9.518294741,17.43337903,32.96672099202499,56.681,17.658179047866053,9.642773765520811,375.8971862,95.7995146,37.40541786,61.41477138485749,2.522
Philippines,PHL,2021,10.069164020487577,5.87,2.31,39.33,55.19,25.752034916018665,3.040788553100473,5.7147331342622465,21.140737148313473,37.73257489765249,58.501,17.640084696104452,9.3089291628606,379.31700036891704,90.60990919,36.43185031,61.04102686096652,3.398
Poland,POL,2019,2.3702974464644333,6.46,4.61,71.38,28.56,52.612893481174225,3.154556492442076,4.580458173,20.70767944911015,48.968140336198736,70.76,16.661487884891887,1.246922577356522,124.02559537421187,94.94496155,20.00847902,56.824734034622495,3.267
Poland,POL,2020,2.5684442354741552,6.5,4.67,71.89,28.04,52.43388551992481,3.314990594954618,-2.035568824,18.83940515694849,46.82520571041881,71.124,16.20836858296278,1.2275664664578534,123.8005749,82.21154022,20.55630343,57.096062522932534,3.155
Poland,POL,2021,2.2455230436164624,6.44,4.64,72.1,27.84,57.0379760723016,5.443067377385778,6.9271826605250055,21.81067345777861,53.83630694964302,72.95,17.300615663692675,1.1505140017938749,120.81528585429598,96.6018219,20.09602507,56.45218255146124,3.268
Portugal,PRT,2019,1.9999184576970397,9.51,5.78,60.78,39.15,43.653125943299095,4.297940915548587,2.745684716195541,18.768265982879985,43.117862965059494,75.529,11.93776005158658,0.2572098397836014,112.28858279406498,105.1829224,16.84204641,65.58607854,6.464
Portugal,PRT,2020,2.1408969252042844,10.55,6.77,64.22,35.7,37.25601513445287,1.7384704127209942,-8.204632063,19.418579180934763,39.25262558646863,74.177,12.090046243968114,0.3149978624398337,112.40667601107356,105.589859,16.65690761,65.56695787384446,6.801
Portugal,PRT,2021,2.1620462983815076,11.14,7.03,63.11,36.79,41.54842718435122,3.066114560957612,5.5587575230543536,20.93476742249528,44.325118030546335,75.238,12.442929933148877,0.3032803822360945,113.11351052774066,104.9257278,15.28800591,65.06870625754107,6.577
Qatar,QAT,2019,0.2600053112222013,3.20278597,2.72214365,84.99299622,15.00700569,52.18885992724088,-1.594725376,0.6882409595817478,43.73540584,37.85751562294501,88.213,8.333572684391324,0.3269514128939098,229.6481288076588,103.5798492,0.401651238,46.45452824043563,0.1
Qatar,QAT,2020,0.3387503937889872,3.81872201,3.30993986,86.67664337,13.32335567,49.11887826212737,-1.68550859,-3.557603999,43.84920402220084,40.90021662515859,87.983,7.911260410831098,0.4512445118950498,243.18085291557875,102.0909576,0.399999418,52.74386803901604,0.14
Qatar,QAT,2021,0.2982396773656386,2.89366841,2.46038246,85.02642059,14.97358418,58.72601703551407,-0.608353846,1.6268467246828775,36.80156208508945,34.05314154,87.306,8.761907742583054,0.4778176190864576,218.00783289817232,90.51451874,0.397293566,44.768820925903555,0.14
Romania,ROU,2019,4.299220899229562,5.71,4.58,80.14,19.86,40.07931455483398,2.9265444829378393,3.9232638496349352,24.25253748,44.28839760709987,63.43,17.122712543524276,3.2351095289670986,84.19527121001391,92.61399841,24.22811728,58.61863702649737,3.912
Romania,ROU,2020,4.064781689807704,6.23,4.99,80.08,19.77,36.764490579634405,1.4293393491370388,-3.674384409,24.19595983431271,41.15915288042756,64.141,15.802594805266198,3.025678068283327,83.73283205841446,91.90473938,23.76705874,60.11268014884408,5.035
Romania,ROU,2021,4.605652945,6.48,4.9,75.65,21.77,40.48040367536347,4.095991097356792,5.545709625905104,26.284173043219205,46.13294575255845,65.49,15.60830097,3.180902817332142,83.11047896383866,90.77317047,23.26453834,59.71053224867079,5.59
Russian Federation,RUS,2019,3.5303029139216644,5.65,3.45,61.15,38.85,28.43343067997588,1.8885173156491433,2.198075713350093,22.661513772223454,20.795322981927463,74.027,12.969207284484844,0.6161707848145076,8.881629456666628,101.8323364,6.758926196,54.17294421407867,4.513
Russian Federation,RUS,2020,4.006351634015461,7.57,5.45,71.94,28.06,25.522185511354927,0.6348511844436043,-2.653654501,23.4558291480158,20.44472269155781,74.117,13.402813683317838,0.6640633632515899,8.868919885179524,102.7630463,6.799969642,56.37294290257769,5.62
Russian Federation,RUS,2021,3.937600100647372,7.39,5.26,71.17,28.83,29.77121449278371,2.1943240262795967,5.614290375783455,22.70917292968963,20.425226610475296,75.187,12.613077303559963,0.5233243099035145,8.838487574,101.9085312,6.721878281,54.40304043500611,4.749
Samoa,WSM,2019,9.104548751494086,5.63886738,4.31464434,76.51615143,11.90713978,35.03333014237797,-0.238656492,4.451858916886906,33.650649298051185,48.29774944,53.136,4.540111647734594,17.001448840249687,75.46043165467626,103.9630119,45.64531821,68.97954168,7.838
Samoa,WSM,2020,9.53628221636978,6.18895578,4.71282053,76.14888,11.51122093,29.19595986656886,0.5093900769199046,-3.108444011,33.189990915608156,48.28764012925048,50.506,3.950283484643879,23.496479120931056,76.23884892,102.7386897,45.59524849,69.44452964542717,7.435
Samoa,WSM,2021,9.852790569,6.80313492,5.12033176,75.26429749,11.8324728,11.685690045243655,1.0603950693964954,-7.078830943,34.89513072739889,49.20319561,48.405,4.874292298696068,29.43213917906815,76.89892086330936,105.4418729,45.14958225,69.79079154223824,6.612
Saudi Arabia,SAU,2019,2.559547773370247,5.46742678,4.03419256,73.78594971,26.2140522,34.08919620761568,0.3672008712175314,1.0977337495409216,28.29555131974695,26.108990026769547,62.568,12.489116325098946,0.039833455,13.985178793221348,103.1577835,5.232021691,48.46878062772648,5.636
Saudi Arabia,SAU,2020,2.9602504723958485,6.64629889,5.2034235,78.2905426,21.7094574,24.9019708249486,0.2207990992204678,-3.581534863,27.691494187252157,24.811504704710377,63.823,12.637873672107345,0.041163683,14.677702366387711,102.7124023,5.536222431,53.31029370801051,7.66
Saudi Arabia,SAU,2021,2.675159429972072,5.96836901,4.59467316,76.9837265,23.01627159,32.77465349434197,2.643910599651458,5.075110349879793,25.44811986266372,24.36816006906471,64.9,13.207192613980418,0.033737035,14.32038247375203,101.5139923,6.574260353,47.11558730173257,6.621
Senegal,SEN,2019,14.896272123444476,4.49531031,1.05768847,23.52870941,57.19351578,24.983134197386516,4.552476185830375,4.6136280974970845,31.965660343482615,39.25311640871402,52.105,14.89211538039413,10.791536539628446,84.93700721965408,83.35813141,65.6773459,50.954792939866735,2.863
Senegal,SEN,2020,16.148779482443327,5.15119171,1.72161877,33.42175674,49.76930237,20.700552855570557,7.523957081116881,1.3420737726679022,35.632965093467014,39.34631875813596,51.6,14.642244511460104,10.629139874549764,87.20313197943177,84.5763092,67.17428053,50.52479492783698,3.437
Senegal,SEN,2021,15.551264622207588,4.35098124,1.12499821,25.85619545,55.77155685,24.63960212,9.404261901858735,6.5440011,38.35301330131821,44.73639187270606,52.08,15.089607780399328,11.251904921896566,89.44510985300992,82.92540741,68.01247235,50.52390326030483,3.44
Serbia,SRB,2019,4.764748514931961,8.66552734,5.05642891,58.33802032,39.99972534,48.96099565599254,7.924874271,4.750207938990144,24.926625023424677,58.61631389009933,67.824,15.69524581,7.867724872242679,79.41041619,99.63455963,27.69950488,53.16655410592244,10.395
Serbia,SRB,2020,5.053737694017412,8.70042133,5.3023901,60.94442368,38.29056168,46.105087593523805,6.238654080020734,-0.950023992,24.09749361726962,54.21937321660535,67.36,14.845919282150236,6.923650399422663,82.04454750862172,98.08347321,26.98943532,54.449906869144016,9.011
Serbia,SRB,2021,5.155864698790637,10.0125246,6.26030159,62.52470398,37.33397675,52.34040052,6.953120891325749,7.949056504722776,24.945092961947825,60.00189780329269,71.351,14.474189875219434,6.949436728672673,81.27394458318469,96.82672119,27.36378352,54.25846225622048,9.843
Sierra Leone,SLE,2019,34.54718097891896,9.12992668,1.24274659,13.61179066,54.20046234,9.694140833,5.248653752578234,5.502709373781528,16.02593886288652,27.86781216390668,54.842,6.997483609579345,2.720794222690011,107.12096148517595,140.3677028,89.35403488,43.788528020809814,3.203
Sierra Leone,SLE,2020,35.127878141980354,9.32588673,1.36407745,14.62678528,53.46459198,9.890044743325776,2.5819949433745952,-1.253349032,15.340552281317784,20.72174238915527,54.319,7.030935089761625,2.6467737677263172,109.62258243280688,137.5406129,89.67966791,43.14022588614182,3.508
Sierra Leone,SLE,2021,33.652405849901065,8.55334282,1.93579912,22.63207436,51.69986725,15.551365429406708,2.962775178,5.896852704709403,14.102930001286888,26.602250261822352,54.547,7.357090609745216,3.2427510889036935,112.14466611249654,151.7263166,89.55821342,43.22440394221884,3.556
Singapore,SGP,2019,0.032188837,4.39938164,2.27491283,51.70983124,48.29017258,176.3000886505856,28.09499357646362,1.3450587408272838,24.606702980083377,146.77034130280964,74.749,19.36385133308464,0.0,7965.878491620112,100.6925812,13.69204574,70.86149775533916,3.1
Singapore,SGP,2020,0.0327869668385027,5.71281767,3.42298889,59.91770172,40.08229828,181.55508106738273,23.10030051836076,-3.869798934,22.86678371,150.1354406580786,74.58,19.627116169553204,0.0,7918.951253481894,100.5359116,13.72679176,72.13997484051349,4.1
Singapore,SGP,2021,0.0307258905921678,5.56525183,3.50580597,62.99456024,37.00543976,183.01053716298185,31.620740017912773,9.69076687082064,23.966606169354183,146.77444161437808,76.847,20.28414590340034,0.0,7595.495822,99.87464905,13.64084595,70.47675711543556,4.64
Slovak Republic,SVK,2019,1.6170097133414991,6.92,5.45,78.82,21.18,91.84408651,2.153945486317376,2.275899181603364,24.061910521066853,91.87852212,72.715,18.702021726987468,2.404196752945413,113.43899750415972,97.99459839,15.05400847,58.65539901622342,5.761
Slovak Republic,SVK,2020,1.729178243098858,7.13,5.72,80.27,19.73,84.29834344853445,-1.059756667,-2.585512529,20.226809878815104,83.23582987,72.444,17.540636914850282,2.2868038115577383,113.53633527454242,99.9172287,14.9448215,59.485455046434566,6.719
Slovak Republic,SVK,2021,1.8246633788156088,7.75,6.18,79.73,20.27,90.70094460169344,2.255263757599465,5.726988540118924,22.77452066208074,91.15650163,74.565,18.13138272,2.0141003193866287,113.29548668885192,100.0641708,14.93698879,59.100763934786514,6.894
Slovenia,SVN,2019,1.7704065170579213,8.5,6.15,72.37,27.63,84.35705834985275,3.990986120823882,3.505251668401627,20.834524070231584,75.68721734,75.274,20.574409403150824,1.2295750865549366,103.71193460598715,99.84181976,14.27473969,56.51749399986967,4.446
Slovenia,SVN,2020,1.8972971412832864,9.43,6.85,72.57,27.2,78.27179999169425,0.948340848,-4.084998153,20.18967194615323,69.27720859324732,74.794,20.517789765607297,1.382531266869383,104.40888142865656,100.2315369,14.12106304,57.17745588083229,4.971
Slovenia,SVN,2021,1.5112495431316586,9.48,6.94,73.2,26.58,83.97734325162929,3.6068157130654055,8.389650320944611,21.855353147550396,78.10538510478686,75.534,19.95528831809132,1.3432995522013549,104.68996444250212,99.77626801,14.26236117,57.834288167503054,4.744
South Africa,ZAF,2019,1.9503211452697968,8.24418926,4.80993271,58.34331131,40.53360748,27.202129405115095,1.3140775229330577,0.2599355768763303,15.820793378317886,26.695867,62.378,12.400891266152788,0.2286130583462154,49.12074536926362,101.2564926,16.33887991,64.34730482957531,28.468
South Africa,ZAF,2020,2.57866122238783,8.57258797,5.29674768,61.78703308,36.88036346,27.575914160396287,0.9330736843523942,-6.168917715,12.345544147846232,23.183744920021375,58.311,11.725046778087956,0.2399237904314494,49.924062518032464,99.73526001,16.72201458,64.61025378180733,29.217
South Africa,ZAF,2021,2.488084343991474,8.27309132,4.99565506,60.38438416,38.19342422,31.10359880618826,9.660265336380125,4.955032594407555,12.796427595465511,24.931115031051597,59.583,12.060078889534289,0.2201662472524896,50.69912619838594,98.11531067,16.97418018,62.733313745869815,34.007
Spain,ESP,2019,2.51980123,9.1456852,6.45209455,70.547966,29.45203781,34.675562929226054,2.160523750363066,1.9611785315134969,20.908822614480226,31.690662114843143,73.764,10.696732099129784,0.2284898393825496,94.35080890239782,103.185318,15.74417898,68.27033365,14.104
Spain,ESP,2020,2.784680317459755,10.74565983,7.85987377,73.14463043,26.85536766,30.481024854456283,2.921659807810242,-10.94007066,20.626648270389847,28.96510316025129,72.267,10.853212942808009,0.2375127432084443,94.81538375,103.4104233,16.13489843,68.39518461513939,15.532
Spain,ESP,2021,2.768249271129947,10.74003887,7.69035435,71.60453033,28.39546585,33.757084325530116,4.422729024521362,6.683144185002803,21.874033771653632,32.76750461766091,73.651,11.25608470918854,0.2702935577863333,94.8822088,102.8991394,15.70151818,67.45492013591544,14.781
Sri Lanka,LKA,2019,7.256246699829839,3.9,1.85,47.32,51.33,21.823532894421703,0.8352147529528342,-0.220483886,34.108716059180935,27.60199296,56.817,16.160801717288383,7.581535343700331,352.4316946382956,97.27720773,42.08016601,55.745858630636825,4.67
Sri Lanka,LKA,2020,8.251323148235738,4.02,1.97,48.94,49.36,15.45764244911274,0.5148914999553306,-4.624515037,32.87112046116597,21.63147805219064,55.114,16.285963881316192,8.469810515,354.3323634012286,97.47865615,42.54707779,57.83238659229307,5.364
Sri Lanka,LKA,2021,8.789940165,4.07,1.89,46.45,49.22,16.921419013735715,0.6684284871351647,4.207476495115699,36.73422622421541,24.308556393161908,54.716,17.96511861983974,6.231696806971471,358.16359521500164,96.87175547,42.74273615,55.87438535014574,4.981
Sweden,SWE,2019,1.2909453827131845,10.83,9.22,85.12,14.88,48.241213817261865,2.984475168973911,2.549647852530484,24.45955978839931,44.27986966376693,82.928,13.135859490213756,0.6359293246331911,25.23788793950108,120.5968018,9.849733373,65.11677990592125,6.833
Sweden,SWE,2020,1.1996666784837535,11.33,9.77,86.18,13.82,44.25994298,3.396834569029094,-2.005337504,24.41018462936902,40.07083879,82.519,12.640565244460342,0.5990847890008987,25.42094382243174,119.5001068,9.923747088,65.6685809,8.291
Sweden,SWE,2021,1.114920082358685,11.25,9.66,85.92,14.08,47.29964595720013,8.606397361,5.937508573074396,25.25647425485958,42.97834022217521,82.828,13.473517056928646,0.5119733541417226,25.574079257513255,117.3476334,10.49975661,64.56334965331327,8.722
Switzerland,CHE,2019,0.6477455268959839,11.06363678,3.72409916,33.6607132,66.3392868,66.96539367984194,1.216424915,1.1419823250527656,26.437792904374508,57.16221850062505,84.292,17.923539326233747,0.3533988242919661,217.04278172182327,101.5930481,14.32828886,71.86188459,4.394
Switzerland,CHE,2020,0.7054776333217292,11.73206806,4.21294785,35.9096756,64.0903244,64.09555716,-32.54697604,-2.141737207,29.57874983883429,57.69042083963603,84.088,17.787315795239795,0.3806865636717556,218.63446962170997,101.7317123,14.28909798,71.75040688146576,4.817
Switzerland,CHE,2021,0.625932433,11.80107975,4.27358341,36.21349335,63.78650284,71.28755617636114,-14.40917904,5.391888041414731,26.10462737926772,58.96860664610855,83.686,19.122659629862408,0.3862865543194823,220.31454103721043,101.478241,15.64004226,70.98408554,5.013
Tanzania,TZA,2019,26.594311951601796,3.88136053,1.57168376,40.49311447,22.72549438,16.036746148498576,1.994593539593943,5.799999999967227,39.72640572765705,16.981843101732537,85.008,8.501810555781494,0.7103441389146756,66.80389591329872,94.78174584,85.7630603,36.832504385879986,2.496
Tanzania,TZA,2020,25.25490166534305,2.93978429,0.82863826,28.18704414,30.25230789,13.50387385,1.428459651746323,1.9919646064785468,38.74648749246034,14.459141350752258,81.55,8.032128090363233,0.4936687739045184,68.83359449085572,95.8801506,86.04093977,34.237472975826414,2.781
Tanzania,TZA,2021,24.78845061587826,3.36136484,0.91362876,27.18029213,26.51096725,14.12002232658151,1.6849434786596085,4.321384294804815,39.68667886060014,15.79516168082332,84.803,8.024874632881653,0.7903505052025831,70.93069767441861,96.10415343,85.74214375,32.55197160585245,2.821
Thailand,THA,2019,8.128568040094796,3.78911877,2.71524906,71.65908051,28.22701263,59.518890621885944,1.0173487758004125,2.1145577962827815,23.814752574637456,50.17062409328011,74.322,25.621596414365793,1.500461816583857,139.99544128873143,104.0361983,50.28308639,58.27752144657874,0.716
Thailand,THA,2020,8.702852146735541,4.35728741,3.06596684,70.36411285,29.55669212,51.49442660889195,-0.857989527,-6.050038469,23.75538517226964,46.30631663762585,74.547,25.55533257124205,1.649868310358097,140.2287850613635,104.6762114,50.5231225,58.00642488540696,1.099
Thailand,THA,2021,8.691894567112644,5.16038752,3.63095593,70.36208344,29.54946327,58.55223774294163,3.0398815362560714,1.5681817650118577,28.625514985813172,58.59226588371293,74.695,27.16759949324868,1.7905634208576915,140.39682123353364,104.1897323,52.6973286,56.25845849,1.215
Timor-Leste,TLS,2019,14.129155173716724,6.02679253,3.47624707,57.67988586,10.48483944,21.21431773598332,-11.75837328,24.212884008500097,26.776782509304564,49.39992631917024,66.498,1.828933737633271,3.6279662413075022,87.48789509078682,111.4700738,76.04780042,55.234787781892145,3.097
Timor-Leste,TLS,2020,13.262154520777395,9.96385956,5.50785875,55.2783699,6.68426275,36.66621474552709,-32.95523162,31.72574167214134,16.46570048023249,48.08409636,65.954,1.5272730400247996,5.208951086585378,89.17639543,110.7471111,75.86373209,48.31427557842824,2.782
Timor-Leste,TLS,2021,8.670503822502516,11.43839264,7.25689316,63.44329834,5.89094782,63.51514640569616,-11.55994438,5.363126627216005,14.40035265073031,36.35227576717714,65.41,0.7521856458142713,4.139197157352429,90.79616677874915,124.2048844,75.13972437,30.444736015002057,2.344
Togo,TGO,2019,19.51453467086476,5.726192,0.86334223,15.077075,75.80754852,23.812452710453737,4.943691878100285,4.922925916859725,18.60144980596031,32.32994068975617,58.897,12.633545678650751,7.264186861643103,155.59970582827725,121.9710617,84.35305137,51.237216567816255,2.036
Togo,TGO,2020,19.07688695856321,6.03786469,0.89014059,14.74263954,70.16882324,23.26352858316704,-0.800061439,1.9921550187034427,21.330907383495713,32.28500997769691,58.346,12.953586101655125,8.788657239,159.39915425629712,123.5351868,84.09062777,51.33959384904332,2.225
Togo,TGO,2021,18.36499114791733,5.55532026,0.55185044,9.93372917,73.88970184,23.629548446508128,-0.850362001,5.990876103923142,19.86411674805395,33.955465053188156,58.641,12.60000475569765,7.796291235679512,163.23550284978856,121.0750809,83.32455962,51.4192515,2.333
Tonga,TON,2019,20.24118995189084,4.75078154,2.89456606,60.92821121,9.41940308,22.76567300509214,-1.236018517,-0.208437488,27.424002451851308,67.54910377107981,56.098,5.369575226037471,36.75602524802134,146.7625,113.3120341,51.46980375,47.47300260261285,2.157
Tonga,TON,2020,17.45585966938306,5.33435154,3.06095958,57.38203812,8.26616287,20.090422259248776,0.7697285802290955,1.7833949295916085,24.49524749152203,63.36756891032983,55.369,5.481315178161531,38.233384966011954,146.8111111111111,112.2548374,51.62651461,51.33821895771082,2.699
Tonga,TON,2021,15.134688032598747,6.27256584,3.62085176,57.72520828,7.82217026,11.082542912083811,0.049879119,0.3626019718428352,35.81384513217966,55.09175141323741,55.236,5.699720324861635,41.978794071445094,146.51388888888889,107.0173155,51.41096979,50.65287351076776,2.111
Turkiye,TUR,2019,6.401760954592746,4.37,3.39,77.69,22.31,33.07421605729976,1.249267555380162,0.8185145267266734,24.87807362,30.11907684311478,58.056,18.37746845652592,0.1124826998427914,107.29758455361667,103.9629593,31.53621158,56.311037191625765,13.73
Turkiye,TUR,2020,6.669941325311806,4.62,3.64,78.85,21.15,29.1207901808282,1.0654713170350332,1.859873039764622,31.34060999549447,32.22296558593706,54.506,19.13919281322062,0.1132800774854184,108.34385354001272,103.2964172,30.16541243,54.20113525678221,13.148
Turkiye,TUR,2021,5.533753292627179,4.57,3.6,78.8,21.2,35.743696106476875,1.5728194858007134,11.439395692656577,31.404467814038668,35.33874785485495,56.89,22.23805037500088,0.08855114,109.33476865506802,102.5963974,30.09034647,52.75486231029903,11.969
Ukraine,UKR,2019,8.965181014,7.09,3.18,44.79,54.53,41.23169125600485,3.766496760885427,3.1995038623129375,14.890357482830876,49.27954303507143,68.222,10.788600416675258,10.259739624026764,77.59312737314463,90.68096924,19.40814309,54.48551971,8.194
Ukraine,UKR,2020,9.310151098074716,7.56,3.73,49.29,50.71,38.82164629019338,0.1941031934905185,-3.752817939,8.932299327,40.33480609,67.084,10.101382606360074,9.713460140037034,77.11428028995513,91.11221313,19.4650178,55.79001645,9.475
Ukraine,UKR,2021,10.885772106326923,8.01,4.09,51.02,48.98,40.68834047686883,3.981661339472072,3.4456206570025074,14.467452684893676,42.00962088658115,66.814,10.283297152425243,9.040583830885794,76.45605799,91.1486969,19.27202305,51.905400424777866,9.834
United Kingdom,GBR,2019,0.6047214740360112,9.95761967,7.9679575,80.01869202,19.96960068,31.63478028094995,0.6940700077032835,1.624475159475324,18.378671403330735,33.030353356273565,77.473,8.796819583,0.1478152475116949,276.26308022981857,101.7882538,15.01389962,70.97296636720814,3.613
United Kingdom,GBR,2020,0.6710764892183737,12.15863419,10.17722607,83.70368958,16.28620911,29.66979575808919,5.828642059747364,-10.29691887,17.581148626613157,29.111341839213573,77.656,8.997255032835968,0.1204434969447334,277.27538544207005,102.0960236,14.51706432,72.10858546241809,4.472
United Kingdom,GBR,2021,0.7084974183950293,12.36469936,10.34801674,83.69000244,16.29966164,29.18027478778332,0.1608478231249969,8.575950904856498,18.026909950118142,29.404261836002448,77.017,8.646320119016366,0.11012236684042,277.0482866944984,102.0376205,13.5845091,72.16675417869956,4.826
United States,USA,2019,0.8326208629143701,16.66580582,8.63399315,51.806633,48.193367,11.789197409728567,1.466965014176892,2.583825330188546,21.669809194826627,14.46928321,73.017,10.976407510461245,0.03272519,35.89317567,100.9813004,6.093879666,76.61137129083951,3.669
United States,USA,2020,0.9358002267011424,18.75621986,10.69257355,57.00815201,42.99185181,10.073655627337226,0.6418719023812987,-2.163029139,21.418818536295483,13.006122242070084,71.872,10.482908883327116,0.031970434,36.24267093890955,100.3057938,6.306637072,77.06305044393103,8.055
United States,USA,2021,0.9447325852256208,17.3625679,9.61942768,55.40325165,44.59674835,10.790978199515555,2.0092122978209144,6.055052933045758,21.333282040824756,14.422677831260962,72.233,10.54479772980821,0.0299520661372699,36.29974101987227,98.30548859,6.583415354,76.39959357584132,5.349
Uruguay,URY,2019,6.502794323191252,9.39027691,6.25397635,66.60055542,33.39944839,27.90536411752949,2.357032950055148,0.9283510333637536,14.120802040183491,21.83950584001171,75.239,10.578709781151506,0.1804363732039122,19.410387384298936,104.3541489,28.38531248,64.88326321935321,8.836
Uruguay,URY,2020,7.369498302040184,9.13688469,6.54352617,71.61659241,28.38340378,25.555031031411072,1.8138067336645487,-7.380141845,16.43282974577663,21.13111677120603,72.897,9.676286363,0.2070434399354072,19.420454805165125,105.2366104,28.24948388,64.27734297213266,10.413
Uruguay,URY,2021,7.949506325477833,9.3592062,6.93183422,74.06433868,25.93551254,31.98208534751853,8.501002665794385,5.561892793432747,18.277016779202665,24.841652761867447,75.009,10.230642024578431,0.2069318015930367,19.407467717975088,107.9908066,28.43110445,63.21028378981326,9.328
Uzbekistan,UZB,2019,21.841911741119723,5.43,2.26,41.59,58.36,25.350133297689418,3.442350524100054,6.779923996538216,39.15653627013283,39.61378947,60.769,17.547885761432976,12.699794213550032,74.82539297023074,98.25692984,46.55449673,38.54744348319142,4.932
Uzbekistan,UZB,2020,22.52771101,6.75,3.12,46.16,53.79,21.91541648730011,2.6010880360882687,1.563342772599526,37.59335803390994,34.13611434769701,59.89,19.127857415641472,10.661314975789628,76.22006581186884,98.61531053,46.60853996,38.80647944,5.293
Uzbekistan,UZB,2021,22.15472830931664,7.74,3.03,39.2,60.78,21.307385595629665,2.9483950099579768,8.034683126381097,37.69317484,36.151586101692494,60.684,19.470717302151986,11.994877144838524,77.71125125665773,97.92892558,46.32938459,39.112014207761874,5.364
Viet Nam,VNM,2019,11.784528554038657,4.97407484,2.02046871,40.6199913,58.39923096,85.15758741,4.821074861051002,7.359262701050056,31.979960656579745,79.54662762,81.939,23.78671650151446,3.255489049,310.03441289733877,117.4233503,54.95448574,42.468722777740346,1.681
Viet Nam,VNM,2020,12.65540356855563,4.30061865,1.79064679,41.63695908,57.4060173,84.38159800895735,4.5583619678242355,2.865413209122721,31.915688393806295,78.86426481,80.059,23.94724304,3.091195971500799,312.92315325001834,119.0240535,55.13308757,41.831160439569075,2.103
Viet Nam,VNM,2021,12.603090465274622,4.59346437,1.96210134,42.715065,53.46598816,93.85020712755698,4.273145661901873,2.553728526481308,32.895602336689954,92.82562571,78.422,24.459372683511337,3.471477576065863,315.65393757437886,120.0233861,54.11742751,41.257440080372184,2.385
Zimbabwe,ZWE,2019,9.819261605245586,3.23280239,0.46116894,14.2652998,23.79965401,27.554156407128605,0.9701599092929932,-6.332446407,13.799351768049064,28.24180457,67.05,14.222359743687807,5.509932615952826,39.47620007754944,97.47661439,70.91987098,52.67729889508877,7.373
Zimbabwe,ZWE,2020,8.772858755736639,2.95440149,0.65268922,22.09209633,22.23332405,22.29306297653299,0.5596261562906797,-7.816950647,13.146081158919449,25.02030244585355,66.054,15.696566446555089,6.818682873779373,40.136714488819955,97.38416238,71.15362354,52.892573555016945,8.621
Zimbabwe,ZWE,2021,8.849899247991228,2.78975058,0.91339546,32.74111557,22.23289871,22.775240716701997,0.871791032,8.468016897595305,15.507057871594734,28.07188764975484,66.669,12.442933865955885,9.447790819695811,40.83549179,96.01514778,71.20906349,56.63987004993749,9.54
