Country Name,Mobility Type,Average Peer Retention,Pre-COVID to Early COVID Peer Jaccard,Early COVID to Mid-COVID Peer Jaccard,Pre-COVID to Mid-COVID Peer Jaccard,Pre-COVID,Early COVID,Mid-COVID
Cyprus,high mobility,0.168727789623312,0.0,0.47761194029850745,0.02857142857142857,2,0,2
Zimbabwe,high mobility,0.171863563167911,0.08080808080808081,0.43478260869565216,0.0,1,1,3
Cambodia,high mobility,0.18544732639937853,0.09803921568627451,0.011494252873563218,0.44680851063829785,0,0,3
Viet Nam,high mobility,0.18544732639937853,0.09803921568627451,0.011494252873563218,0.44680851063829785,0,0,3
Luxembourg,high mobility,0.23174603174603173,0.6666666666666666,0.0,0.02857142857142857,2,2,2
Bolivia,high mobility,0.2414495835548467,0.08080808080808081,0.3026315789473684,0.3409090909090909,1,1,0
Dominican Republic,high mobility,0.2414495835548467,0.08080808080808081,0.3026315789473684,0.3409090909090909,1,1,0
Ecuador,high mobility,0.2414495835548467,0.08080808080808081,0.3026315789473684,0.3409090909090909,1,1,0
Fiji,high mobility,0.2414495835548467,0.08080808080808081,0.3026315789473684,0.3409090909090909,1,1,0
Nicaragua,high mobility,0.2414495835548467,0.08080808080808081,0.3026315789473684,0.3409090909090909,1,1,0
Paraguay,high mobility,0.2414495835548467,0.08080808080808081,0.3026315789473684,0.3409090909090909,1,1,0
Peru,high mobility,0.2414495835548467,0.08080808080808081,0.3026315789473684,0.3409090909090909,1,1,0
Sri Lanka,high mobility,0.2414495835548467,0.08080808080808081,0.3026315789473684,0.3409090909090909,1,1,0
Algeria,high mobility,0.2513906572730102,0.09803921568627451,0.34444444444444444,0.3116883116883117,0,0,0
Bosnia and Herzegovina,high mobility,0.2513906572730102,0.09803921568627451,0.34444444444444444,0.3116883116883117,0,0,0
Cabo Verde,high mobility,0.2513906572730102,0.09803921568627451,0.34444444444444444,0.3116883116883117,0,0,0
Jordan,high mobility,0.2513906572730102,0.09803921568627451,0.34444444444444444,0.3116883116883117,0,0,0
Lesotho,high mobility,0.2513906572730102,0.09803921568627451,0.34444444444444444,0.3116883116883117,0,0,0
Mauritius,high mobility,0.2513906572730102,0.09803921568627451,0.34444444444444444,0.3116883116883117,0,0,0
Montenegro,high mobility,0.2513906572730102,0.09803921568627451,0.34444444444444444,0.3116883116883117,0,0,0
North Macedonia,high mobility,0.2513906572730102,0.09803921568627451,0.34444444444444444,0.3116883116883117,0,0,0
Serbia,high mobility,0.2513906572730102,0.09803921568627451,0.34444444444444444,0.3116883116883117,0,0,0
Belize,moderate mobility,0.4168945089997722,0.6363636363636364,0.3026315789473684,0.3116883116883117,0,1,0
"Egypt, Arab Rep.",moderate mobility,0.4168945089997722,0.6363636363636364,0.3026315789473684,0.3116883116883117,0,1,0
El Salvador,moderate mobility,0.4168945089997722,0.6363636363636364,0.3026315789473684,0.3116883116883117,0,1,0
"Gambia, The",moderate mobility,0.4168945089997722,0.6363636363636364,0.3026315789473684,0.3116883116883117,0,1,0
Georgia,moderate mobility,0.4168945089997722,0.6363636363636364,0.3026315789473684,0.3116883116883117,0,1,0
Guatemala,moderate mobility,0.4168945089997722,0.6363636363636364,0.3026315789473684,0.3116883116883117,0,1,0
Honduras,moderate mobility,0.4168945089997722,0.6363636363636364,0.3026315789473684,0.3116883116883117,0,1,0
Kyrgyz Republic,moderate mobility,0.4168945089997722,0.6363636363636364,0.3026315789473684,0.3116883116883117,0,1,0
Moldova,moderate mobility,0.4168945089997722,0.6363636363636364,0.3026315789473684,0.3116883116883117,0,1,0
Morocco,moderate mobility,0.4168945089997722,0.6363636363636364,0.3026315789473684,0.3116883116883117,0,1,0
Nepal,moderate mobility,0.4168945089997722,0.6363636363636364,0.3026315789473684,0.3116883116883117,0,1,0
Philippines,moderate mobility,0.4168945089997722,0.6363636363636364,0.3026315789473684,0.3116883116883117,0,1,0
Samoa,moderate mobility,0.4168945089997722,0.6363636363636364,0.3026315789473684,0.3116883116883117,0,1,0
Timor-Leste,moderate mobility,0.4168945089997722,0.6363636363636364,0.3026315789473684,0.3116883116883117,0,1,0
Tonga,moderate mobility,0.4168945089997722,0.6363636363636364,0.3026315789473684,0.3116883116883117,0,1,0
Ukraine,moderate mobility,0.4168945089997722,0.6363636363636364,0.3026315789473684,0.3116883116883117,0,1,0
Argentina,moderate mobility,0.4684511784511784,0.72,0.34444444444444444,0.3409090909090909,1,0,0
Belarus,moderate mobility,0.4684511784511784,0.72,0.34444444444444444,0.3409090909090909,1,0,0
Brazil,moderate mobility,0.4684511784511784,0.72,0.34444444444444444,0.3409090909090909,1,0,0
Brunei Darussalam,moderate mobility,0.4684511784511784,0.72,0.34444444444444444,0.3409090909090909,1,0,0
Chile,moderate mobility,0.4684511784511784,0.72,0.34444444444444444,0.3409090909090909,1,0,0
China,moderate mobility,0.4684511784511784,0.72,0.34444444444444444,0.3409090909090909,1,0,0
Colombia,moderate mobility,0.4684511784511784,0.72,0.34444444444444444,0.3409090909090909,1,0,0
Indonesia,moderate mobility,0.4684511784511784,0.72,0.34444444444444444,0.3409090909090909,1,0,0
Kazakhstan,moderate mobility,0.4684511784511784,0.72,0.34444444444444444,0.3409090909090909,1,0,0
"Korea, Rep.",moderate mobility,0.4684511784511784,0.72,0.34444444444444444,0.3409090909090909,1,0,0
Malaysia,moderate mobility,0.4684511784511784,0.72,0.34444444444444444,0.3409090909090909,1,0,0
Mexico,moderate mobility,0.4684511784511784,0.72,0.34444444444444444,0.3409090909090909,1,0,0
Namibia,moderate mobility,0.4684511784511784,0.72,0.34444444444444444,0.3409090909090909,1,0,0
Oman,moderate mobility,0.4684511784511784,0.72,0.34444444444444444,0.3409090909090909,1,0,0
Panama,moderate mobility,0.4684511784511784,0.72,0.34444444444444444,0.3409090909090909,1,0,0
Poland,moderate mobility,0.4684511784511784,0.72,0.34444444444444444,0.3409090909090909,1,0,0
Qatar,moderate mobility,0.4684511784511784,0.72,0.34444444444444444,0.3409090909090909,1,0,0
Romania,moderate mobility,0.4684511784511784,0.72,0.34444444444444444,0.3409090909090909,1,0,0
Russian Federation,moderate mobility,0.4684511784511784,0.72,0.34444444444444444,0.3409090909090909,1,0,0
Saudi Arabia,moderate mobility,0.4684511784511784,0.72,0.34444444444444444,0.3409090909090909,1,0,0
South Africa,moderate mobility,0.4684511784511784,0.72,0.34444444444444444,0.3409090909090909,1,0,0
Thailand,moderate mobility,0.4684511784511784,0.72,0.34444444444444444,0.3409090909090909,1,0,0
Turkiye,moderate mobility,0.4684511784511784,0.72,0.34444444444444444,0.3409090909090909,1,0,0
Albania,moderate mobility,0.5059849185658621,0.6363636363636364,0.43478260869565216,0.44680851063829785,0,1,3
Armenia,moderate mobility,0.5059849185658621,0.6363636363636364,0.43478260869565216,0.44680851063829785,0,1,3
Azerbaijan,moderate mobility,0.5059849185658621,0.6363636363636364,0.43478260869565216,0.44680851063829785,0,1,3
Benin,moderate mobility,0.5059849185658621,0.6363636363636364,0.43478260869565216,0.44680851063829785,0,1,3
Bhutan,moderate mobility,0.5059849185658621,0.6363636363636364,0.43478260869565216,0.44680851063829785,0,1,3
Burkina Faso,moderate mobility,0.5059849185658621,0.6363636363636364,0.43478260869565216,0.44680851063829785,0,1,3
Cameroon,moderate mobility,0.5059849185658621,0.6363636363636364,0.43478260869565216,0.44680851063829785,0,1,3
Cote d'Ivoire,moderate mobility,0.5059849185658621,0.6363636363636364,0.43478260869565216,0.44680851063829785,0,1,3
Ghana,moderate mobility,0.5059849185658621,0.6363636363636364,0.43478260869565216,0.44680851063829785,0,1,3
Guinea,moderate mobility,0.5059849185658621,0.6363636363636364,0.43478260869565216,0.44680851063829785,0,1,3
India,moderate mobility,0.5059849185658621,0.6363636363636364,0.43478260869565216,0.44680851063829785,0,1,3
Madagascar,moderate mobility,0.5059849185658621,0.6363636363636364,0.43478260869565216,0.44680851063829785,0,1,3
Mongolia,moderate mobility,0.5059849185658621,0.6363636363636364,0.43478260869565216,0.44680851063829785,0,1,3
Mozambique,moderate mobility,0.5059849185658621,0.6363636363636364,0.43478260869565216,0.44680851063829785,0,1,3
Niger,moderate mobility,0.5059849185658621,0.6363636363636364,0.43478260869565216,0.44680851063829785,0,1,3
Senegal,moderate mobility,0.5059849185658621,0.6363636363636364,0.43478260869565216,0.44680851063829785,0,1,3
Sierra Leone,moderate mobility,0.5059849185658621,0.6363636363636364,0.43478260869565216,0.44680851063829785,0,1,3
Tanzania,moderate mobility,0.5059849185658621,0.6363636363636364,0.43478260869565216,0.44680851063829785,0,1,3
Togo,moderate mobility,0.5059849185658621,0.6363636363636364,0.43478260869565216,0.44680851063829785,0,1,3
Uzbekistan,moderate mobility,0.5059849185658621,0.6363636363636364,0.43478260869565216,0.44680851063829785,0,1,3
Australia,moderate mobility,0.5581783390738615,0.72,0.47761194029850745,0.47692307692307695,1,0,2
Austria,moderate mobility,0.5581783390738615,0.72,0.47761194029850745,0.47692307692307695,1,0,2
Belgium,moderate mobility,0.5581783390738615,0.72,0.47761194029850745,0.47692307692307695,1,0,2
Costa Rica,moderate mobility,0.5581783390738615,0.72,0.47761194029850745,0.47692307692307695,1,0,2
Croatia,moderate mobility,0.5581783390738615,0.72,0.47761194029850745,0.47692307692307695,1,0,2
Czechia,moderate mobility,0.5581783390738615,0.72,0.47761194029850745,0.47692307692307695,1,0,2
Denmark,moderate mobility,0.5581783390738615,0.72,0.47761194029850745,0.47692307692307695,1,0,2
Estonia,moderate mobility,0.5581783390738615,0.72,0.47761194029850745,0.47692307692307695,1,0,2
Finland,moderate mobility,0.5581783390738615,0.72,0.47761194029850745,0.47692307692307695,1,0,2
France,moderate mobility,0.5581783390738615,0.72,0.47761194029850745,0.47692307692307695,1,0,2
Germany,moderate mobility,0.5581783390738615,0.72,0.47761194029850745,0.47692307692307695,1,0,2
Greece,moderate mobility,0.5581783390738615,0.72,0.47761194029850745,0.47692307692307695,1,0,2
Hungary,moderate mobility,0.5581783390738615,0.72,0.47761194029850745,0.47692307692307695,1,0,2
Iceland,moderate mobility,0.5581783390738615,0.72,0.47761194029850745,0.47692307692307695,1,0,2
Ireland,moderate mobility,0.5581783390738615,0.72,0.47761194029850745,0.47692307692307695,1,0,2
Israel,moderate mobility,0.5581783390738615,0.72,0.47761194029850745,0.47692307692307695,1,0,2
Italy,moderate mobility,0.5581783390738615,0.72,0.47761194029850745,0.47692307692307695,1,0,2
Japan,moderate mobility,0.5581783390738615,0.72,0.47761194029850745,0.47692307692307695,1,0,2
Latvia,moderate mobility,0.5581783390738615,0.72,0.47761194029850745,0.47692307692307695,1,0,2
Lithuania,moderate mobility,0.5581783390738615,0.72,0.47761194029850745,0.47692307692307695,1,0,2
Netherlands,moderate mobility,0.5581783390738615,0.72,0.47761194029850745,0.47692307692307695,1,0,2
New Zealand,moderate mobility,0.5581783390738615,0.72,0.47761194029850745,0.47692307692307695,1,0,2
Norway,moderate mobility,0.5581783390738615,0.72,0.47761194029850745,0.47692307692307695,1,0,2
Portugal,moderate mobility,0.5581783390738615,0.72,0.47761194029850745,0.47692307692307695,1,0,2
Slovak Republic,moderate mobility,0.5581783390738615,0.72,0.47761194029850745,0.47692307692307695,1,0,2
Slovenia,moderate mobility,0.5581783390738615,0.72,0.47761194029850745,0.47692307692307695,1,0,2
Spain,moderate mobility,0.5581783390738615,0.72,0.47761194029850745,0.47692307692307695,1,0,2
Sweden,moderate mobility,0.5581783390738615,0.72,0.47761194029850745,0.47692307692307695,1,0,2
Switzerland,moderate mobility,0.5581783390738615,0.72,0.47761194029850745,0.47692307692307695,1,0,2
United Kingdom,moderate mobility,0.5581783390738615,0.72,0.47761194029850745,0.47692307692307695,1,0,2
United States,moderate mobility,0.5581783390738615,0.72,0.47761194029850745,0.47692307692307695,1,0,2
Uruguay,moderate mobility,0.5581783390738615,0.72,0.47761194029850745,0.47692307692307695,1,0,2
Malta,persistent mover,0.49999999999999994,0.6666666666666666,0.5,0.3333333333333333,2,2,1
Singapore,persistent mover,0.49999999999999994,0.6666666666666666,0.5,0.3333333333333333,2,2,1
