Country Name,Year,Period,PC1,PC2,Hierarchical Cluster,explained_variance_pc1,explained_variance_pc2
Albania,2021,Mid-COVID,2.2781269528770167,-0.04841567655634228,3,0.2916117256109569,0.12724283061301148
Algeria,2021,Mid-COVID,1.8891870904594965,-0.9467110602021972,0,0.2916117256109569,0.12724283061301148
Argentina,2021,Mid-COVID,-0.35711635299920425,-1.674154999445531,0,0.2916117256109569,0.12724283061301148
Armenia,2021,Mid-COVID,2.075769429289913,-0.5182684844560603,3,0.2916117256109569,0.12724283061301148
Australia,2021,Mid-COVID,-2.0093526596145583,-2.098152849827637,2,0.2916117256109569,0.12724283061301148
Austria,2021,Mid-COVID,-2.936768009341659,-0.6734292361376372,2,0.2916117256109569,0.12724283061301148
Azerbaijan,2021,Mid-COVID,2.7502929279717994,0.3148095493899003,3,0.2916117256109569,0.12724283061301148
Belarus,2021,Mid-COVID,-1.3395993382456928,1.2030685604440399,0,0.2916117256109569,0.12724283061301148
Belgium,2021,Mid-COVID,-3.3456284839427757,0.3430757561828004,2,0.2916117256109569,0.12724283061301148
Belize,2021,Mid-COVID,-0.2100068898921007,-0.18381048628983387,0,0.2916117256109569,0.12724283061301148
Benin,2021,Mid-COVID,4.648330633020921,1.0942293985179798,3,0.2916117256109569,0.12724283061301148
Bhutan,2021,Mid-COVID,1.967374481632825,0.7817565077607156,3,0.2916117256109569,0.12724283061301148
Bolivia,2021,Mid-COVID,0.18939174874871578,-0.8542053243609571,0,0.2916117256109569,0.12724283061301148
Bosnia and Herzegovina,2021,Mid-COVID,-0.9032085386662061,-0.8520495505014786,0,0.2916117256109569,0.12724283061301148
Brazil,2021,Mid-COVID,0.4684152713045908,-1.6368014416101653,0,0.2916117256109569,0.12724283061301148
Brunei Darussalam,2021,Mid-COVID,-0.6656928943468658,1.4934049362126198,0,0.2916117256109569,0.12724283061301148
Burkina Faso,2021,Mid-COVID,2.526391077185033,-0.29848944318461634,3,0.2916117256109569,0.12724283061301148
Cabo Verde,2021,Mid-COVID,-0.3035213259313993,-1.0919743962495632,0,0.2916117256109569,0.12724283061301148
Cambodia,2021,Mid-COVID,2.144652268128389,2.727728332306133,3,0.2916117256109569,0.12724283061301148
Cameroon,2021,Mid-COVID,3.960308614796367,0.24230729089748745,3,0.2916117256109569,0.12724283061301148
Chile,2021,Mid-COVID,-0.32654128582225356,-1.0857178788223376,0,0.2916117256109569,0.12724283061301148
China,2021,Mid-COVID,1.1287722182227493,0.7613258553884059,0,0.2916117256109569,0.12724283061301148
Colombia,2021,Mid-COVID,-0.48960548070737087,-1.9365264386000913,0,0.2916117256109569,0.12724283061301148
Costa Rica,2021,Mid-COVID,-1.0909267496152883,-1.2741562237554438,2,0.2916117256109569,0.12724283061301148
Cote d'Ivoire,2021,Mid-COVID,2.9705600743023686,0.5711506645899721,3,0.2916117256109569,0.12724283061301148
Croatia,2021,Mid-COVID,-2.0282612933354547,-0.5799016362466626,2,0.2916117256109569,0.12724283061301148
Cyprus,2021,Mid-COVID,-3.8778300801078807,0.18235546675922115,2,0.2916117256109569,0.12724283061301148
Czechia,2021,Mid-COVID,-2.8530058650879404,0.41243415459965094,2,0.2916117256109569,0.12724283061301148
Denmark,2021,Mid-COVID,-3.413280983340348,-0.7388369640336703,2,0.2916117256109569,0.12724283061301148
Dominican Republic,2021,Mid-COVID,0.6226250152431313,-0.04187637545704015,0,0.2916117256109569,0.12724283061301148
Ecuador,2021,Mid-COVID,0.11244825431059684,-0.8177710946675162,0,0.2916117256109569,0.12724283061301148
"Egypt, Arab Rep.",2021,Mid-COVID,2.623116678323258,-0.7065268182571132,0,0.2916117256109569,0.12724283061301148
El Salvador,2021,Mid-COVID,-0.5090596525115998,-0.4385152769031632,0,0.2916117256109569,0.12724283061301148
Estonia,2021,Mid-COVID,-2.36132038821279,1.054346302368321,2,0.2916117256109569,0.12724283061301148
Fiji,2021,Mid-COVID,1.2390909194875732,-0.09701573935333495,0,0.2916117256109569,0.12724283061301148
Finland,2021,Mid-COVID,-2.4687487817457625,-1.1257120074394893,2,0.2916117256109569,0.12724283061301148
France,2021,Mid-COVID,-2.7220427496776898,-2.0230350005125426,2,0.2916117256109569,0.12724283061301148
"Gambia, The",2021,Mid-COVID,3.6523760964303045,-0.20941805410185285,0,0.2916117256109569,0.12724283061301148
Georgia,2021,Mid-COVID,0.30831540531462276,-0.39739537936041514,0,0.2916117256109569,0.12724283061301148
Germany,2021,Mid-COVID,-3.1767154020861015,-1.2330681181723884,2,0.2916117256109569,0.12724283061301148
Ghana,2021,Mid-COVID,2.414444759528629,0.2502925735035625,3,0.2916117256109569,0.12724283061301148
Greece,2021,Mid-COVID,-1.0767528366417498,-1.2320131058301518,2,0.2916117256109569,0.12724283061301148
Guatemala,2021,Mid-COVID,2.037105753523281,-0.2707374246163222,0,0.2916117256109569,0.12724283061301148
Guinea,2021,Mid-COVID,4.347081054241496,1.4243978243758202,3,0.2916117256109569,0.12724283061301148
Honduras,2021,Mid-COVID,1.1471749140705212,0.3822284189703929,0,0.2916117256109569,0.12724283061301148
Hungary,2021,Mid-COVID,-1.7992125714056513,1.428630789258896,2,0.2916117256109569,0.12724283061301148
Iceland,2021,Mid-COVID,-2.576939797207345,-1.2507083485864896,2,0.2916117256109569,0.12724283061301148
India,2021,Mid-COVID,3.7336121977369072,0.749978015742114,3,0.2916117256109569,0.12724283061301148
Indonesia,2021,Mid-COVID,2.113108349980573,0.4574063005565194,0,0.2916117256109569,0.12724283061301148
Ireland,2021,Mid-COVID,-2.894038250405022,2.8967232041128192,2,0.2916117256109569,0.12724283061301148
Israel,2021,Mid-COVID,-1.563703603101031,-0.7706495004839813,2,0.2916117256109569,0.12724283061301148
Italy,2021,Mid-COVID,-1.7103836950278517,-1.3980897227832354,2,0.2916117256109569,0.12724283061301148
Japan,2021,Mid-COVID,-2.821684285014376,-1.4639820673848478,2,0.2916117256109569,0.12724283061301148
Jordan,2021,Mid-COVID,1.1672371654395999,-0.7705286196059593,0,0.2916117256109569,0.12724283061301148
Kazakhstan,2021,Mid-COVID,0.2564498322503745,0.07499905216277732,0,0.2916117256109569,0.12724283061301148
"Korea, Rep.",2021,Mid-COVID,-0.8247986856487705,0.4148362538082214,0,0.2916117256109569,0.12724283061301148
Kyrgyz Republic,2021,Mid-COVID,1.5046699171959173,0.6471259617518428,0,0.2916117256109569,0.12724283061301148
Latvia,2021,Mid-COVID,-1.9141399968387804,0.23872321057115187,2,0.2916117256109569,0.12724283061301148
Lesotho,2021,Mid-COVID,0.05418357257442306,0.0708501215510497,0,0.2916117256109569,0.12724283061301148
Lithuania,2021,Mid-COVID,-1.8826501508606635,0.8056619154575636,2,0.2916117256109569,0.12724283061301148
Luxembourg,2021,Mid-COVID,-4.913381024244695,4.63761453907726,2,0.2916117256109569,0.12724283061301148
Madagascar,2021,Mid-COVID,3.569375519967944,0.307718728460318,3,0.2916117256109569,0.12724283061301148
Malaysia,2021,Mid-COVID,0.42140166196453666,1.6992498894816095,0,0.2916117256109569,0.12724283061301148
Malta,2021,Mid-COVID,-5.000310705414064,4.733775226614554,1,0.2916117256109569,0.12724283061301148
Mauritius,2021,Mid-COVID,-0.0772804294062158,0.21983570780741674,0,0.2916117256109569,0.12724283061301148
Mexico,2021,Mid-COVID,0.5308161791361421,0.41095006669404616,0,0.2916117256109569,0.12724283061301148
Moldova,2021,Mid-COVID,0.33301042295118954,0.16559089270957691,0,0.2916117256109569,0.12724283061301148
Mongolia,2021,Mid-COVID,0.8772224535537373,0.597999113744849,3,0.2916117256109569,0.12724283061301148
Montenegro,2021,Mid-COVID,-0.8203451758220257,-1.2780358428241854,0,0.2916117256109569,0.12724283061301148
Morocco,2021,Mid-COVID,2.338150888188575,0.09349265712795701,0,0.2916117256109569,0.12724283061301148
Mozambique,2021,Mid-COVID,2.5688739166722376,1.2835795080487702,3,0.2916117256109569,0.12724283061301148
Namibia,2021,Mid-COVID,0.5713576142809853,-1.5851084186810886,0,0.2916117256109569,0.12724283061301148
Nepal,2021,Mid-COVID,4.506094471252758,-0.6469985213986555,0,0.2916117256109569,0.12724283061301148
Netherlands,2021,Mid-COVID,-3.0911626035768904,0.3995328434453593,2,0.2916117256109569,0.12724283061301148
New Zealand,2021,Mid-COVID,-1.9046707323740573,-1.536792079807431,2,0.2916117256109569,0.12724283061301148
Nicaragua,2021,Mid-COVID,0.24581543962734703,-0.05314648828485248,0,0.2916117256109569,0.12724283061301148
Niger,2021,Mid-COVID,4.269623088179165,0.49006537358370417,3,0.2916117256109569,0.12724283061301148
North Macedonia,2021,Mid-COVID,-0.5248800336444848,0.4829556538168273,0,0.2916117256109569,0.12724283061301148
Norway,2021,Mid-COVID,-2.377062362828008,-1.4609900828296063,2,0.2916117256109569,0.12724283061301148
Oman,2021,Mid-COVID,-1.0149925060098792,0.2765474646966309,0,0.2916117256109569,0.12724283061301148
Panama,2021,Mid-COVID,-0.7524365383340369,-0.9104212270498752,0,0.2916117256109569,0.12724283061301148
Paraguay,2021,Mid-COVID,0.6364726044924532,-0.058983671573772406,0,0.2916117256109569,0.12724283061301148
Peru,2021,Mid-COVID,0.4932386307408102,-0.3552177846436377,0,0.2916117256109569,0.12724283061301148
Philippines,2021,Mid-COVID,1.5183561851770155,0.3760670239195677,0,0.2916117256109569,0.12724283061301148
Poland,2021,Mid-COVID,-1.2168702119831187,0.5654692490539717,0,0.2916117256109569,0.12724283061301148
Portugal,2021,Mid-COVID,-1.8247640958607847,-1.0060933687096743,2,0.2916117256109569,0.12724283061301148
Qatar,2021,Mid-COVID,-0.901256433425602,1.1090227582103374,0,0.2916117256109569,0.12724283061301148
Romania,2021,Mid-COVID,-0.9184820795865843,-0.06899969273063183,0,0.2916117256109569,0.12724283061301148
Russian Federation,2021,Mid-COVID,-0.9054501344542208,-0.9398632315797323,0,0.2916117256109569,0.12724283061301148
Samoa,2021,Mid-COVID,0.8044299303966349,-1.278599497411466,0,0.2916117256109569,0.12724283061301148
Saudi Arabia,2021,Mid-COVID,-0.5282825303724944,-0.719773694719448,0,0.2916117256109569,0.12724283061301148
Senegal,2021,Mid-COVID,3.4821723810367144,1.1995557856333814,3,0.2916117256109569,0.12724283061301148
Serbia,2021,Mid-COVID,-1.0060402702789595,-0.19830304139290597,0,0.2916117256109569,0.12724283061301148
Sierra Leone,2021,Mid-COVID,4.64153410905279,-0.7939471821977051,3,0.2916117256109569,0.12724283061301148
Singapore,2021,Mid-COVID,-4.134009378339296,8.803520944327515,1,0.2916117256109569,0.12724283061301148
Slovak Republic,2021,Mid-COVID,-2.5260971559889653,1.1891225852174965,2,0.2916117256109569,0.12724283061301148
Slovenia,2021,Mid-COVID,-2.5262716861874726,0.8549738846776681,2,0.2916117256109569,0.12724283061301148
South Africa,2021,Mid-COVID,-0.82862266712889,-2.722162938823708,0,0.2916117256109569,0.12724283061301148
Spain,2021,Mid-COVID,-2.1129210992966874,-1.8908739933830483,2,0.2916117256109569,0.12724283061301148
Sri Lanka,2021,Mid-COVID,2.1593509757098346,0.4147714069161955,0,0.2916117256109569,0.12724283061301148
Sweden,2021,Mid-COVID,-3.2247229480890813,-1.4050990707867361,2,0.2916117256109569,0.12724283061301148
Switzerland,2021,Mid-COVID,-1.2801921374268732,0.6132631479965752,2,0.2916117256109569,0.12724283061301148
Tanzania,2021,Mid-COVID,3.9703060732874533,0.8112153726265674,3,0.2916117256109569,0.12724283061301148
Thailand,2021,Mid-COVID,0.05017826639055705,1.6195138050269353,0,0.2916117256109569,0.12724283061301148
Timor-Leste,2021,Mid-COVID,0.2741838631889283,-1.224728270791877,0,0.2916117256109569,0.12724283061301148
Togo,2021,Mid-COVID,4.3475679668836715,0.4666161177579837,3,0.2916117256109569,0.12724283061301148
Tonga,2021,Mid-COVID,2.214742233298674,-0.2863838047517414,0,0.2916117256109569,0.12724283061301148
Turkiye,2021,Mid-COVID,-0.08450069904550006,-0.00197924169259789,0,0.2916117256109569,0.12724283061301148
Ukraine,2021,Mid-COVID,0.47608474835160197,-0.6181630644788365,0,0.2916117256109569,0.12724283061301148
United Kingdom,2021,Mid-COVID,-3.3928789859826094,-2.167885580093845,2,0.2916117256109569,0.12724283061301148
United States,2021,Mid-COVID,-2.563482663759212,-3.0163265637903636,2,0.2916117256109569,0.12724283061301148
Uruguay,2021,Mid-COVID,-1.2792071586405922,-1.642317635482309,2,0.2916117256109569,0.12724283061301148
Uzbekistan,2021,Mid-COVID,3.005704616464811,0.5317091128119606,3,0.2916117256109569,0.12724283061301148
Viet Nam,2021,Mid-COVID,1.476994521986413,3.384461801728922,3,0.2916117256109569,0.12724283061301148
Zimbabwe,2021,Mid-COVID,2.0694400890591007,-0.15619834474813024,3,0.2916117256109569,0.12724283061301148
